temperature(C),wind speed(m/s),wind direction,humidity(%),vapor pressure(hPa),dew point(C),atmospheric pressure(hPa),Sea level pressure(hPa),insolation time(hr),insolation(MJ/m2),cloud,weather label
23.1,1.3,90,84,23.7,20.2,999.3,1005.5,,,10,1
25.5,1.1,70,63,20.5,17.9,1017.3,1018.8,0.9,,4,0
4.2,2.1,250,88,7.2,2.3,1002.9,1030.4,,,8,1
5.4,1,90,21,1.9,-15.2,1027.4,1030.8,1,,6,3
23.6,2.7,250,26,7.5,2.9,1004.1,1014.4,1,3.39,0,0
2.1,9.2,20,87,6.2,0.1,1018.5,1024.1,0,0.03,9,3
24.2,0,0,98,29.5,23.8,1011.2,1014.1,,,5,0
27.8,1.9,50,75,27.9,22.9,993.7,1001.5,0.3,0.32,0,0
23.4,1.5,270,93,26.6,22.1,1005.5,1014.8,,,7,2
0.1,0.1,0,58,3.6,-7.2,1014.9,1022.4,,,6,3
-4.7,0.7,250,77,3.3,-8.1,1004.9,1027.1,,,10,3
12.5,0.7,230,51,7.4,2.6,1002,1009,,,10,3
0.3,11.6,360,70,4.4,-4.5,1018.3,1027.9,0,0.21,10,3
35,1.4,290,47,26.3,21.9,1003.1,1008.5,0.5,1.42,4,0
18.4,0.4,0,98,20.6,18,1004.3,1007.3,0,0.04,9,3
22.8,0.4,0,91,25.2,21.2,1006.3,1010.9,,,0,0
31,1.8,230,64,28.6,23.3,997.7,1006.1,0,0.01,0,0
11.5,4.3,110,34,4.6,-3.8,995,1023.9,0.6,,8,3
26.2,0.6,50,83,28.1,23,986.7,1012.4,0.9,0.89,0,0
18.2,2.4,360,93,19.4,17,1008.7,1012,,,10,1
-1.7,0.8,290,69,3.7,-6.6,1009.4,1026.4,0.8,,0,0
26.2,4.7,250,94,31.9,25.1,1000.6,1010.3,0,0.01,10,1
7.8,1.4,320,80,8.4,4.5,1020.3,1028.7,,,0,0
10.6,2.2,250,77,9.8,6.7,1010.8,1015.6,,,0,2
5.9,3.6,180,97,9,5.4,1010.6,1019.9,0.1,0.07,0,2
1.5,0.2,0,51,3.5,-7.5,968.3,1018.2,,,0,0
12.2,3.2,70,59,8.4,4.4,1013.8,1018.1,0,1.01,9,3
3,2.8,110,22,1.7,-16.7,1010,1018.7,,,6,3
30.2,1.1,230,66,28.3,23.1,990.9,1007.6,0,0.15,8,3
15.9,2.8,230,78,14,12,969.2,999.7,0,,9,3
7.7,1.1,230,57,6,-0.2,1018.1,1023.1,0.1,0.3,9,3
26.4,0.7,290,92,31.5,24.9,990.6,999.7,0,0.05,10,1
11,0.2,0,56,7.3,2.5,1017.1,1017.6,,,6,3
32.2,3.3,230,67,32.1,25.2,1001.2,1011.9,0.3,1.28,6,1
9,4.1,160,69,7.9,3.6,1009.2,1015.6,,,8,3
11.2,0.8,140,82,10.9,8.2,1016.6,1024,,,7,2
7.8,0.8,50,71,7.5,2.8,1022.9,1023.3,1,1.09,0,2
29.7,4.7,250,74,30.7,24.5,1003.9,1011.9,1,2.83,1,0
23,1,110,91,25.5,21.4,999.9,1004.5,0,0,7,2
0.8,0.8,70,87,5.6,-1.1,1009.8,1028.8,0.9,1.75,2,0
7.1,0.2,0,77,7.7,3.3,1005.5,1014.1,0,0.08,0,2
21.4,1.1,320,94,23.8,20.3,1007.1,1015.1,0,0.2,10,1
27.8,6.9,230,92,34.2,26.3,998.3,1005.7,,,8,1
23.4,1.1,290,95,27.2,22.5,996.9,1002.9,0,0.01,3,0
24.9,0.2,0,85,26.6,22.1,1008.5,1011.6,,,0,0
25.6,1.1,20,88,28.8,23.4,999.2,1010.1,,,0,0
25.7,0.4,0,78,25.6,21.5,997.7,1008.6,,,1,0
12.1,1.3,200,44,6.2,0.1,1012.2,1019.5,1,2.32,0,2
20.5,0,0,94,22.5,19.4,1006,1014.2,0,0.34,10,1
21,0.3,0,96,23.8,20.3,996.4,1012.7,,,10,1
-0.6,0.1,0,94,5.5,-1.4,985.5,1018.6,0,,0,0
13.7,2,320,62,9.7,6.5,1018.2,1024.1,0,,0,0
18.8,7.8,90,94,20.4,17.8,1006.5,1014.2,0,0.27,10,1
19.6,5.7,290,52,11.8,9.4,1015.4,1015.6,1,2.5,0,0
6.7,2.4,230,44,4.3,-4.7,1008,1019.9,,,2,0
14.3,5.2,180,56,9.1,5.6,1010.9,1019.2,1,2.83,1,0
18.2,2.4,70,73,15.2,13.2,994.1,1002.2,0,0.01,10,1
21.6,1.1,50,75,19.2,16.9,1009.1,1018.5,0,0.75,9,1
-0.4,3.2,290,54,3.2,-8.5,1000.7,1020.3,1,0.76,0,0
11.3,1.3,180,77,10.3,7.4,1015,1019.4,,,3,2
9.4,4.8,180,89,10.4,7.6,1012.1,1013.3,0,0.1,0,0
7.1,2.6,230,96,9.7,6.5,1006.3,1011.2,,,9,2
-2.3,2.8,270,37,1.9,-15,1021.1,1030,1,0.78,0,0
15.9,1.1,50,89,16,14,1005,1012.8,,,0,2
20.4,3.8,50,86,20.5,17.9,1012.6,1013,0,0.13,10,1
8.8,1.3,270,67,7.5,2.9,1009.8,1017,,,0,2
19.5,3.9,270,21,4.8,-3.4,991.9,1011.7,1,,0,0
8,1,140,60,6.4,0.6,1012.3,1019.5,0,0,0,2
17.9,3.3,50,97,19.9,17.4,1007.7,1015.8,,,10,1
20.4,5.3,340,100,23.8,20.3,1008.7,1013.9,,,10,1
25.6,2.2,270,89,29.1,23.6,1008.8,1011.1,,,1,0
23.1,1.8,230,78,22,19,995.2,1002.9,,,5,0
14.2,1.8,270,69,11.1,8.5,1013.5,1023.8,,,8,2
7.1,2.7,340,76,7.6,3.1,1013.8,1014.2,,,10,1
21,2,110,81,20.1,17.6,999.7,1006,0,0.06,8,3
14.9,2.1,50,31,5.2,-2.1,1008.3,1014.5,,,0,2
1.3,9.2,320,79,5.3,-1.9,1014.5,1020.1,,,9,4
29.2,1.2,20,71,28.6,23.3,1002.2,1008.8,0.7,1.06,1,0
11.1,1.6,200,81,10.6,7.9,997.9,1008.2,0.4,0.26,0,2
5.7,10.4,90,89,8.1,4,993.1,1020.2,,,10,1
13.9,7.5,160,88,13.9,11.9,1001.7,1010.6,0,1.03,10,2
14.3,0,0,82,13.3,11.2,1008.3,1012.3,,,0,0
-0.1,4.8,270,21,1.3,-19.8,1020.2,1027.1,,,0,0
-0.3,0.3,0,73,4.4,-4.5,1008.2,1030.1,1,,0,0
8.3,2.5,270,33,3.6,-7,1020.1,1027.4,0.4,0.96,8,4
3.8,2.9,290,22,1.8,-16,1015.3,1027.4,0.3,,1,0
27.1,2.4,200,88,31.5,24.9,1007.5,1015.2,,,3,0
32.1,2.1,250,63,30,24.1,999.9,1014.8,0.8,,6,3
32,2.1,270,55,26.1,21.8,1009.7,1013.9,1,2.62,0,0
25.9,3.5,70,58,19.2,16.9,1007.3,1015.2,0.6,2.11,6,3
20.6,3.8,50,93,22.5,19.4,988.5,1014,0,0.44,10,2
9.9,1.8,140,71,8.6,4.8,1018.7,1021.2,,,9,3
17.5,0.8,110,77,15.4,13.4,992.2,1009.9,0.9,1.09,7,3
22.4,2.1,50,68,18.3,16.1,1000.8,1008.8,0,0.21,10,3
21.7,0,0,79,20.4,17.8,1001,1009,,,0,2
4.8,2.1,320,90,7.7,3.2,1017.2,1026.6,,,10,1
24,2.4,200,23,6.8,1.5,1000,1004.6,1,2.2,0,0
0.7,0.8,20,43,2.8,-10.4,1020.8,1024.8,1,1.08,0,0
11.6,3.6,290,50,6.8,1.5,1015.9,1019,0.9,0.53,0,0
24.8,3.4,200,89,27.7,22.8,975.5,1000.2,0,0.15,9,1
31.9,3.8,270,59,27.7,22.8,1003.1,1012.7,0.9,3.46,8,3
7.3,0.7,90,71,7.2,2.3,1006.1,1031.8,1,1.64,0,0
30.5,2.4,270,66,28.8,23.4,1010,1015,1,3.32,0,0
12.6,2.7,70,95,13.8,11.8,991.7,1018.1,,,3,0
2.9,0,0,85,6.4,0.6,1005.5,1023,,,0,0
7.3,1.1,290,68,6.9,1.7,1020.6,1026.3,1,,0,0
8.1,2.6,160,92,9.9,6.8,995.3,1004.4,0,0.01,0,2
21.1,1.5,290,100,24.9,21,996,1004.7,,,10,2
6.2,0.1,0,94,8.9,5.3,999.2,1016.5,,,2,2
7.5,1.4,20,86,8.9,5.3,1005.2,1013.8,,,10,1
17.5,3.7,290,43,8.5,4.7,1009.5,1017.9,,,4,0
20.8,2.2,290,94,22.9,19.7,989.5,994,,,10,1
21.3,1.3,160,89,22.5,19.4,1010.7,1015.3,0,0.11,10,1
19.1,3.2,270,79,17.4,15.3,992.9,999.7,0,0,10,1
22.3,1.6,20,50,13.4,11.3,1003,1019.2,1,,0,0
3.1,3.4,290,50,3.8,-6.3,1004.9,1007.1,,,5,0
1.6,0.7,20,37,2.5,-11.5,1009.2,1020.5,,,6,3
10.6,1.6,160,64,8.1,4,1011.1,1013.6,0.3,0.23,0,0
21.6,1,180,96,24.7,20.9,1001.2,1011.5,,,9,3
0.2,0.4,0,98,6.1,0,1003.4,1025.2,,,9,3
2.6,0.6,110,94,6.9,1.7,991.5,1001.9,,,7,3
25.3,0.3,0,95,30.6,24.4,990.2,1001.1,,,0,0
0,2.9,50,41,2.5,-11.7,1020.9,1024.9,,,0,0
-2.5,0.5,70,93,4.8,-3.4,1009,1021.2,,,10,2
-2.3,3.3,320,77,4,-5.7,991.3,1019.2,,,8,4
16.3,3.3,340,59,10.9,8.2,1020.5,1024.8,1,2.16,0,0
10.2,1.9,270,73,9,5.5,1012.2,1019.4,0,0,10,2
25.5,3.4,140,99,32.2,25.3,1009.4,1014.5,0.1,0.36,6,2
12.1,1.2,290,69,9.7,6.5,1021.1,1023.6,0.4,,0,0
-5.1,4.3,270,36,1.5,-17.8,1013.1,1031,,,0,0
5.3,1.7,50,62,5.5,-1.4,1009,1019.6,0.1,0.09,7,3
9.5,1.4,250,39,4.6,-3.7,1015.2,1018.5,,,0,0
0.7,1.1,110,87,5.6,-1.2,1023.5,1031.2,0,0,3,2
-6.1,0.8,20,68,2.6,-11,1007.2,1019.6,0,0.65,9,4
-3.7,0.4,0,83,3.9,-6.1,1021,1024.6,,,10,2
26.1,0.9,340,89,30,24.1,1002.9,1008.8,0,0.01,9,1
7.3,6.4,270,84,8.5,4.7,990.2,998.1,0,0.14,10,1
-5.8,2.9,70,87,3.5,-7.6,1020.4,1025.1,,,10,4
23.3,8.1,200,46,13.1,11,1002.7,1007.3,0.2,1.59,8,3
3.9,3.1,20,42,3.4,-7.8,1016.9,1025.7,1,0.4,0,0
12.1,0,0,67,9.4,6.1,1015.5,1019.1,,,4,0
2,2.4,110,51,3.6,-7,1021.8,1025.3,0,0.15,10,4
-1.9,0,0,71,3.8,-6.4,1009.3,1027.2,,,0,0
21.9,1.9,70,94,24.6,20.8,1007.9,1012.1,0,0.02,3,2
23.9,2,110,70,20.6,18,1014,1016.4,,,2,1
23.6,1.5,340,64,18.5,16.3,1012.6,1017.9,1,,3,0
15,1.3,360,72,12.2,9.9,997,1026.4,0,,10,3
24.6,0.9,160,96,29.7,23.9,1008.2,1016.1,,,0,0
14,2.7,70,78,12.4,10.2,1001.5,1009.8,0,0.04,10,1
21.7,5.1,90,90,23.2,19.9,998.2,1004.9,0,0,10,1
27,0.3,0,83,29.5,23.8,1003.8,1005.3,0.1,,7,3
5.6,1.7,320,73,6.6,1.1,999.1,1019.4,,,3,0
9.1,0.8,70,62,7.1,2.1,990,1017.6,1,1.8,0,0
11.4,1.3,160,82,11,8.4,989.4,1014.3,,,0,0
3.9,1.2,270,93,7.5,2.8,981.1,1008.1,0,0.17,10,1
6.1,1.5,20,75,7,1.9,1000.7,1017.7,,,10,3
-5.8,0.5,140,76,3,-9.3,1027.6,1029.7,,,10,3
10.8,4.8,290,53,6.8,1.5,1012.7,1013.7,0.5,0.28,6,3
10.8,3.7,270,50,6.4,0.7,1013.8,1022.3,,,0,0
34.4,1.5,50,47,25.5,21.4,996.1,1001.7,1,1.8,0,0
17.2,0.7,320,94,18.4,16.2,1008.1,1016.3,,,4,2
5.3,0,0,86,7.6,3.1,1016.6,1018.3,0,,9,3
29.9,2.4,180,80,33.6,26,1014.6,1014.8,0.2,1.87,8,3
8.8,0.9,140,85,9.6,6.4,1017,1020.4,1,0.76,0,2
5.3,0,0,99,8.8,5.1,1018.9,1020.9,,,8,3
-3.8,0.7,160,90,4.2,-5.2,1004.4,1031.2,,,3,0
24.8,1.7,230,92,28.8,23.4,995.9,1013.6,,,10,3
23.1,1.6,200,88,24.7,20.9,995.4,997.7,,,8,3
25.4,3.3,140,48,15.5,13.5,1013.3,1017.2,1,1.77,5,0
19,1.4,340,39,8.5,4.7,993.1,1006.5,1,3.03,7,3
20.8,0.4,0,96,23.5,20.1,992.6,1005.8,,,10,3
14,4.5,230,62,9.9,6.8,1013,1020.3,0.9,1.07,3,2
-8.5,0.7,160,72,2.3,-12.6,1020.2,1026.4,,,0,0
6.4,3.4,90,63,6.1,-0.1,1001,1028.3,0.8,1.53,6,3
0.5,0.1,0,94,6,-0.3,1000.1,1021.6,,,0,0
-6.9,0.7,340,54,2,-14.6,1026.4,1027.5,,,10,3
6.3,1.5,250,95,9,5.5,1009.8,1014.7,,,7,2
-3,1.2,90,100,4.9,-3,1010.5,1027.6,,,0,0
26.1,3.3,20,68,22.9,19.7,1013.2,1014.3,1,1.74,0,0
25.3,0.7,180,93,29.8,24,1014.9,1015.2,,,8,2
16.9,3.1,250,72,13.8,11.8,994.4,1002.5,,,0,0
26.5,2.4,360,79,27.2,22.5,1004.1,1012.1,0,0.95,10,1
12.2,4.3,180,75,10.6,7.8,1009.7,1018,0.6,0.88,2,2
23.3,1.2,180,90,25.6,21.5,996.1,1000.6,,,10,2
30.8,5.4,180,79,35,26.7,1004.8,1006.6,0.6,,7,3
0.5,4,290,43,2.7,-10.6,1001.1,1021.8,,,10,3
26.2,0.2,0,84,28.4,23.2,1002.9,1007.9,,,0,0
13.1,2.9,290,51,7.6,3.1,1000.1,1011.6,0.8,0.78,0,0
22.5,2.1,250,90,24.4,20.7,1011.2,1014.4,0,0.33,10,1
12.1,2,270,50,7,1.9,1010.6,1018.9,1,1.43,0,0
2,0.5,290,84,5.9,-0.4,1012.2,1020.7,,,9,2
18.9,0.6,50,98,21.3,18.5,1007.6,1013.7,0,0.25,9,3
23.5,0.7,180,83,24,20.4,1003.2,1009.1,0,0.42,10,1
18.1,1.5,110,95,19.6,17.2,1010.7,1015.4,,,10,1
11,3.9,360,63,8.2,4.2,970.2,1018.4,1,,5,0
14,2.2,140,83,13.2,11.1,1009.3,1015.2,1,,0,0
19.3,1.9,50,88,19.6,17.2,1009.7,1017.7,0,0.33,10,2
7.7,6.6,250,56,5.9,-0.5,1001.4,1005.8,,,8,2
26.7,5.2,200,82,28.6,23.3,1002,1005.1,0,0.3,10,1
23.9,0.9,160,100,29.5,23.8,985.2,1008.8,,,7,3
24.7,4.4,270,86,26.6,22.1,1012.6,1012.9,0,0.44,10,1
2.2,0.5,200,94,6.7,1.3,1016.9,1020.4,,,0,2
27,0.2,0,90,32.1,25.2,1007.2,1008.6,,,1,0
7.1,1.3,230,81,8.1,4,1012.6,1020.1,,,2,2
12.8,2,270,81,11.9,9.6,1004.1,1007.8,0,0.33,10,3
13,2.9,90,47,7,1.9,1013.3,1020.6,0,0.28,10,3
-11,1,250,61,1.6,-17,1021.3,1025.8,,,0,0
32.7,1.3,200,60,29.7,23.9,995.2,1001.7,1,2.54,0,0
23.3,1.8,50,86,24.6,20.8,1001.4,1011.2,,,7,3
4.4,1.6,320,82,6.8,1.5,1017.3,1021.8,0.8,0.57,0,2
23.5,1.5,140,63,18.2,16,1007.3,1014.9,0.8,1.6,9,3
25.9,1.3,360,79,26.3,21.9,1006.7,1014.5,0.5,1.69,5,0
3,4.4,70,92,7,1.8,986.3,1013.5,0,0.24,10,1
7.5,3.4,160,77,8,3.7,1025.5,1030,0.8,2.62,8,2
17.6,1,20,92,18.4,16.2,1009,1010.4,0,,9,3
20.2,1.9,90,98,23.1,19.8,925.1,1010.8,,,0,0
18,6.2,270,36,7.4,2.6,1007.4,1011.6,1,3.65,0,0
5.3,2.8,200,80,7.1,2.1,999,1026.3,0,0.44,10,1
10,0.5,250,81,9.9,6.8,1010.1,1019.9,0,,6,3
25.6,0.7,140,63,20.6,18,968.8,1005,1,,2,0
0.5,2.9,20,100,6.3,0.4,1015,1020.7,,,10,2
-1.3,3.6,20,57,3.2,-8.7,1018.5,1026,,,9,3
12.4,3.5,230,47,6.7,1.3,1004.7,1015,1,0.88,0,2
18.2,2.6,230,79,16.4,14.4,1007.3,1012.1,,,4,0
21.2,2.9,270,68,17,15,999.2,1006.2,0.5,2.13,9,3
1.8,0.9,250,89,6.2,0.1,1010.2,1021,,,9,2
14,4.4,50,70,11.2,8.6,1003.2,1008,1,,8,3
-4.7,0.8,250,43,1.8,-15.4,999.8,1029.2,,,0,0
0.9,15.3,340,67,4.4,-4.5,1017.1,1026.6,0.1,0.63,9,4
22.1,2.9,230,92,24.4,20.7,992.4,997.9,0,,9,3
5.7,4.7,320,76,6.9,1.7,1010.2,1018.7,0,0.01,9,2
-5.4,10.5,70,90,3.7,-6.7,990.9,1019.1,0,0.15,10,4
-1,1,320,68,3.9,-6.1,1017.7,1025.2,0,0.28,9,4
20.8,1.2,290,71,17.4,15.3,1012,1012.5,0,0.23,9,1
26.1,2.5,200,94,31.7,25,1007.5,1007.8,,,10,1
4.5,4.1,270,29,2.4,-12,928.7,1020.3,0.1,0.01,0,0
28.1,1.2,250,83,31.5,24.9,1000.3,1005.2,0,,6,3
3.7,3,230,72,5.8,-0.8,1010.1,1018.7,,,4,2
-7.7,0.4,0,90,3.1,-9,1029.5,1033,,,0,0
20.2,1.7,70,38,9,5.4,970.7,1006.2,1,,5,0
-1.5,3.6,290,46,2.5,-11.6,1013.4,1020.9,0.2,0.28,8,4
24,2.6,180,95,28.3,23.1,1009.3,1013.9,,,10,1
-4.3,1,160,48,2.1,-13.6,1024.3,1029.6,,,0,0
21.8,2.2,50,71,18.5,16.3,1004,1012.3,0,0.02,5,0
13.9,4.9,360,83,13.1,11,1014.1,1023.2,,,0,2
11.8,0.2,0,86,11.9,9.5,997.9,1014.8,,,4,0
18.6,1.2,200,41,8.7,5,1001.3,1004.4,,,0,0
30.6,1.7,200,72,31.5,24.9,1011.8,1013.3,0.4,,8,3
29.6,3.1,180,63,26.1,21.8,985.7,1008.1,0.4,,7,3
18.3,0.1,0,90,18.9,16.6,997.9,1017.2,,,9,3
15.4,1.8,180,68,11.9,9.5,995,1008.6,1,1.65,0,0
4.9,6.4,90,77,6.6,1.1,1003.7,1020.2,,,0,0
-4.8,1.1,70,67,2.9,-9.9,1012.4,1027.3,,,0,0
-2.4,0.5,50,54,2.8,-10.4,1012.8,1025.1,,,4,0
34,1.6,90,59,31.3,24.8,1007.4,1011.3,1,3.25,3,0
26,2.4,160,91,30.6,24.4,1005.7,1006,,,10,2
1.6,3.3,20,24,1.6,-16.8,1018.5,1027.4,1,0.81,0,0
6.1,0.7,250,70,6.6,1,1018.3,1020.5,,,8,3
3.5,0.7,180,85,6.7,1.2,1021.5,1021.9,0.8,0.37,0,2
3.4,4.9,320,37,2.9,-9.9,1016.6,1020.8,1,1.97,0,0
26.2,1.2,340,75,25.5,21.4,954.2,998.9,0.3,,7,3
25.7,3,200,83,27.2,22.5,995.1,1002.9,0,0.67,10,1
6.3,1.5,340,89,8.5,4.6,1012,1020.4,,,9,2
10.7,0.2,0,70,9,5.4,997.2,1003.7,,,0,2
22.2,1.7,290,85,22.7,19.5,984.9,994.1,1,1.23,4,2
25.5,5.1,160,97,31.5,24.9,1002.9,1008,0,0,10,1
16.6,1.7,50,72,13.6,11.5,1007.1,1017.3,1,1.2,6,3
25.8,0.7,250,86,28.4,23.2,1001.3,1005.8,,,8,2
21.8,0.5,140,89,23.1,19.8,1008.4,1014.4,,,7,3
9.7,0.8,110,69,8.2,4.2,1002,1023,0.9,,5,0
4.2,2.6,230,57,4.7,-3.5,1023.9,1024.4,,,0,0
5,0.9,50,79,6.9,1.6,1011.1,1012.8,,,0,0
20,3.3,270,38,8.8,5.2,996,1002.3,,,0,2
-1.1,2.1,320,83,4.7,-3.6,1022.8,1026.4,,,8,4
27.4,1.3,340,93,33.8,26.1,993,1000.6,0,0.1,10,1
1.5,5.6,270,65,4.4,-4.3,980.6,1007.8,,,8,4
26.1,4.3,180,92,30.9,24.6,1000.2,1008.3,0,0.01,6,3
0.6,9.3,360,79,5,-2.6,1018.2,1027.8,0,0.01,9,4
29.3,0.3,0,73,29.7,23.9,1007.4,1013.1,0.1,0.03,0,0
4,0.3,0,77,6.2,0.3,1009.9,1024.3,,,9,3
-3.7,0.5,200,90,4.2,-5.1,1003.8,1025.9,0,,9,3
5.4,1.9,320,92,8.2,4.1,1005.9,1010.8,,,0,2
5.9,0,0,94,8.7,5,1013.1,1013.5,,,9,2
6.3,0.5,200,92,8.7,5,988,1015.8,0,0.22,9,3
23.3,2,160,78,22.2,19.2,1014.3,1016.2,0.7,1.56,5,0
-1.9,10.6,340,58,3.1,-9,1016.3,1025.9,0.1,0.38,8,4
26.1,1.1,180,80,26.9,22.3,998.5,1005.1,0,0.6,10,1
23.2,2.9,140,90,25.5,21.4,1004.8,1011,,,10,1
16.7,0.9,340,98,18.5,16.3,1009.6,1021,,,10,2
22.7,0.5,200,94,25.8,21.6,990.3,998,0,0.26,10,1
11.9,1.9,250,61,8.5,4.6,1024.5,1027,,,1,0
21,1.5,340,87,21.6,18.7,1005.4,1013.6,0,0.57,10,1
11.7,1.9,90,22,3,-9.3,1020.4,1024.1,1,2.67,0,0
13.8,0.4,0,76,11.9,9.6,1003.9,1010.4,0.1,0.38,7,3
5.8,6,180,61,5.6,-1.1,1015.3,1019.8,1,1.86,0,0
10.2,5.9,320,59,7.3,2.5,1022.6,1025.2,0,0,10,1
28.8,1.2,270,62,24.4,20.7,1006.3,1011.5,0.7,,6,3
10.5,1.5,270,61,7.7,3.2,1007.7,1018.4,,,0,0
4.6,2.6,320,30,2.5,-11.5,1019.7,1025.6,1,,0,0
16.2,5,360,55,10.1,7.1,1009.4,1017.2,,,2,0
19.7,3,250,50,11.4,8.9,1013.3,1014,1,0.92,0,0
19.2,1.2,140,85,18.9,16.6,1014.2,1017.5,,,10,3
20.7,3.4,50,75,18.3,16.1,1008.4,1015.2,0,0.33,10,1
-3.5,0.2,0,88,4.2,-5.2,970.3,1021.3,,,0,0
13.6,2.1,20,57,8.8,5.2,935.5,1017.6,0.4,1.27,7,3
16.5,0.7,110,97,18.2,16,991.4,1019.7,,,10,3
27.2,0.3,0,88,31.7,25,997.3,1008.1,,,0,0
4.3,1.8,110,29,2.4,-12.2,1014.3,1023.7,,,10,4
14.4,2.7,160,71,11.6,9.2,1008.3,1008.8,,,10,1
3.6,1.3,290,93,7.3,2.5,1013.1,1021.6,,,0,2
22.7,3.9,320,97,26.6,22.1,1006,1008.9,0,0.56,9,3
5.5,1.5,180,78,7,1.9,1014.5,1019.4,,,9,1
29.5,1.5,290,60,24.7,20.9,1000.8,1006.3,1,1.97,0,0
-1.4,3.7,320,79,4.4,-4.5,1019.5,1028.2,0.2,0.69,0,4
3.3,3.5,20,54,4.2,-5.1,1015.4,1025.6,,,0,2
3,3.5,230,36,2.7,-10.6,1016.8,1019,,,10,3
31.4,3,250,69,31.7,25,1000.8,1011.5,0.4,1.52,8,1
13.3,1.9,290,96,14.6,12.6,1003.3,1007.6,,,8,2
21.1,5,50,56,13.9,11.9,1013.4,1015.8,1,1.43,2,0
0.7,2.7,110,79,5.1,-2.5,1007.7,1012.7,,,10,4
3.1,0.3,0,96,7.3,2.5,987.1,1011.9,,,4,0
28.6,3.8,70,70,27.2,22.5,1012.3,1013,0.7,2.34,9,3
25.7,0,0,75,24.7,20.9,1002.9,1006.4,,,0,0
25.1,2.7,230,76,24.1,20.5,997.5,1005.3,1,1.3,0,0
22.6,4.9,230,94,25.6,21.5,1004.5,1012.5,0.2,1.74,4,0
5.2,3.1,320,51,4.5,-4.1,1011.2,1019.8,,,2,0
19,1.2,360,35,7.6,3.1,1012.9,1018.2,1,,0,0
0.4,2.3,70,75,4.7,-3.5,1021.9,1025.4,0,0.19,10,4
23.3,3,180,91,26,21.7,1001.5,1004.7,,,10,1
7.7,0.6,320,80,8.4,4.4,1011.7,1016,,,0,0
17.9,6.1,250,18,3.7,-6.7,979.4,1010,1,,0,0
12.9,1.1,160,80,11.9,9.5,1012.4,1014.9,,,7,2
13.4,0.7,250,40,6.1,0,1024,1028.1,1,1.16,0,0
16.5,1,340,93,17.4,15.3,982.8,1020.8,,,7,3
2.4,4.3,320,50,3.6,-6.9,1019.1,1027.8,0.7,0.33,0,0
25.7,1.5,70,77,25.3,21.3,1008.6,1014.5,,,4,0
1.3,12,340,69,4.6,-3.7,1017.9,1027.4,0.3,1.02,8,4
16.4,1.1,20,66,12.3,10,1010.4,1020,0,0.1,10,1
-4.4,5.4,360,46,2,-14.3,1017.9,1022.6,,,7,3
9.8,0.3,0,94,11.3,8.8,988.6,1020.5,,,8,3
1.7,8.7,320,63,4.3,-4.6,1021.1,1023.7,0,0.39,9,4
21.8,0.3,0,99,25.8,21.6,995.9,1011.8,0,,7,3
17.5,1,20,97,19.4,17,1003.2,1007.4,,,10,2
24.4,6.6,270,44,13.4,11.3,970.4,997.7,0.8,2.72,4,0
7.4,2.1,70,60,6.2,0.1,1025.1,1025.5,0,0.21,7,1
10.3,1.5,140,46,5.8,-0.8,1007.8,1016.2,0,1.07,9,2
16.2,1.2,360,83,15.3,13.3,1003.6,1011.7,0,0,0,0
28.6,2.5,160,84,32.8,25.6,994.3,1002.2,0,0.44,10,1
11.7,2.3,230,74,10.2,7.2,1011.3,1014.7,0.9,0.62,0,2
24,1,180,87,25.8,21.6,1000.7,1002.1,0,,10,3
18.8,2.1,200,84,18.2,16,1007.3,1012.7,0.6,,6,3
22.5,1.9,290,86,23.4,20,1001.6,1008.6,,,2,2
12.2,5.8,340,74,10.4,7.6,1009.6,1017.6,,,0,2
8.9,1.4,200,61,6.9,1.7,1014.3,1019.2,0.7,1.7,8,2
6.7,0.1,0,71,7,1.8,1018.2,1025.5,1,0.71,0,2
22.3,3,140,62,16.6,14.6,1000.9,1020.9,1,,3,0
18.5,1,20,77,16.3,14.3,1011.5,1019.8,,,1,0
3.7,0.5,230,80,6.3,0.5,1020.5,1026.3,,,7,3
8.4,2.9,200,100,10.9,8.3,1012.5,1013.3,0.3,0.39,2,0
7,0.6,200,69,6.9,1.6,965.4,1014.1,,,0,0
25.1,2.1,200,56,17.7,15.6,1003.6,1011.6,1,3.05,0,0
26.4,2.2,180,69,23.7,20.2,999.2,1003.7,0,0.54,10,1
13,0.9,320,53,7.9,3.6,1009.5,1014.4,,,0,0
2.6,9.4,340,49,3.6,-7,1013,1018.6,,,7,4
21.2,0,0,96,24.1,20.5,988.5,1012.8,0,,10,3
19.4,2.2,90,73,16.4,14.4,1013.7,1021.5,0,0.11,9,1
-7.5,0.5,360,87,3,-9.2,995.6,1029.9,,,0,0
2.1,1.4,250,88,6.2,0.3,1012.1,1020.6,,,9,2
8.2,4.8,160,82,8.9,5.3,1008.6,1017,0,0.01,7,1
-0.7,1,320,39,2.3,-12.9,1007.3,1027.1,1,1.66,0,0
13.6,4.5,20,35,5.5,-1.5,1014.6,1023.7,1,3.17,0,0
23.8,2.2,290,75,22,19,1010.3,1012.6,0,,10,3
16.7,0.8,290,96,18.2,16,992.6,1011.9,,,0,0
-1.3,3.5,230,53,3,-9.6,1015.7,1019.2,,,0,0
-4.6,3.5,230,26,1.1,-21.2,1023.1,1026.6,,,0,0
22,0.6,70,100,26.3,21.9,996.1,1011.5,,,6,3
12.1,0.4,0,85,11.9,9.6,1013.4,1016.9,0,0.43,8,3
12.1,2.4,290,23,3.2,-8.4,1013.2,1021.6,1,2.34,0,0
10.1,1.4,200,97,11.9,9.6,1024.4,1029.4,,,8,3
1.8,2.2,340,72,5,-2.7,1018.4,1025,0.3,0.82,7,4
0.3,1.6,320,83,5.2,-2.2,1006.3,1018.4,,,10,4
19.1,2,290,94,20.8,18.1,999.9,1007.9,,,10,1
24.5,1,270,60,18.4,16.2,993.2,1010.5,,,1,0
3.4,1,70,80,6.2,0.2,1005.5,1024.2,,,6,3
16.4,7.3,140,60,11.2,8.6,1002.3,1007.6,0,0.84,10,1
-1.3,3.6,320,22,1.2,-20.3,1020.1,1025.2,,,6,3
4.5,1.9,160,97,8.1,4,1010.5,1019.8,,,0,2
22.2,0.8,90,91,24.3,20.6,1008.4,1011.6,,,9,2
4.3,9.1,340,48,4,-5.7,1017.5,1020.1,,,8,4
11,2.7,320,53,6.9,1.7,1011.6,1018.9,1,0.77,0,2
22.6,1,140,92,25.2,21.2,999.9,1003.1,,,8,2
-0.2,1.5,320,59,3.6,-7.2,1016.8,1027.6,,,0,0
28.1,1,160,84,31.9,25.1,1007,1013.2,1,1.48,2,0
5.4,0.7,340,73,6.5,0.9,1000.6,1016.5,0,0,6,3
21.7,0.9,290,72,18.6,16.4,1011.4,1014.6,0.2,0.81,10,3
15.4,0.5,290,92,16.1,14.1,1008.7,1013.4,,,0,2
0.6,0.1,0,92,5.9,-0.5,1009.9,1026.3,,,0,0
-3.4,0.9,250,92,4.4,-4.5,992.8,1023.4,,,0,0
3.3,0,0,98,7.6,3,986.3,1026.4,,,0,0
8.4,0.9,110,47,5.2,-2.2,1015.6,1026.6,1,0.98,0,0
3.7,5.3,320,53,4.2,-5,1021.1,1026.2,,,7,3
9.6,1.9,290,61,7.3,2.4,1019.4,1026.6,,,2,0
-1.9,1.2,320,46,2.4,-12,1012.5,1022.9,,,10,3
24.2,1.3,90,91,27.4,22.6,1000.9,1016.2,,,5,0
25.2,1.3,250,72,22.9,19.7,1001.9,1002.3,,,0,0
18.3,3,250,35,7.3,2.5,1011.7,1014.1,1,,0,0
16.1,0.1,0,95,17.3,15.2,1003.4,1014.8,,,0,0
24.4,1.3,110,58,17.6,15.5,1011.2,1016.9,0.6,1.53,6,3
3.3,0.7,20,35,2.7,-10.7,1011.3,1018.1,,,0,0
12,3.7,270,85,11.9,9.5,1002.5,1012.8,,,6,2
24.1,3.1,340,41,12.3,10,988.2,1016.3,1,,0,0
29,2.8,110,61,24.4,20.7,993.3,1001.7,0,0.32,10,1
32.2,1.8,200,59,28.3,23.1,1000.1,1008.5,0.2,0.31,5,0
18.5,1,70,87,18.4,16.2,1005.8,1016.2,,,10,3
15.2,2,200,95,16.3,14.3,1001,1005.3,,,5,2
13.6,1.9,140,77,11.9,9.6,1005.5,1009.7,,,10,1
15.1,1.4,50,90,15.4,13.4,1024.3,1025.1,,,3,0
12.2,1.1,270,50,7.1,2,1019.6,1020.8,0.4,0.77,8,3
10,0.3,0,81,9.9,6.8,1018.2,1025.6,0.7,0.57,7,2
3.5,4,320,71,5.6,-1.2,1009.8,1014.8,0.3,1.57,8,4
4.7,6.1,50,88,7.5,2.8,1011.8,1022.5,0,0.26,10,1
7.5,5.9,110,76,7.8,3.5,1011.6,1018.3,0,0.22,10,1
4.3,1.3,320,86,7.1,2.1,988.5,1014.4,0.1,,9,3
15.4,3.3,290,72,12.5,10.3,1013.9,1017.2,0,0.59,10,1
16.5,1.3,140,82,15.4,13.4,1014.5,1014.9,0.2,1.09,6,3
6,0.8,70,73,6.8,1.5,1017.1,1027.8,,,2,0
1.3,1.7,160,50,3.3,-8,1006.5,1022.8,,,9,3
13.6,2.3,320,70,10.9,8.2,1011.5,1015.8,1,1.28,0,2
21.6,8.1,160,91,23.4,20,991.3,999.9,0,1.56,10,2
20.1,2.5,180,79,18.5,16.3,1006.6,1011.9,0,,9,3
10.3,0,0,56,7,1.8,1012,1020.5,,,9,2
22.4,1.6,230,53,14.3,12.3,1002.2,1006.1,0.9,2.94,7,3
0.3,1.2,50,75,4.7,-3.6,1024.5,1024.9,,,0,0
1,3.5,20,96,6.3,0.4,927.3,1012.8,0,0.38,10,3
28.3,0.7,320,67,25.6,21.5,1004.1,1015,,,0,0
25.2,0.8,270,96,30.7,24.5,1001.5,1012.4,,,10,2
15.8,0.2,0,98,17.5,15.4,1003.6,1015,,,3,2
-0.7,1.1,320,91,5.3,-1.9,1007.6,1025.5,,,9,2
25.3,0.2,0,86,27.6,22.7,988.6,1004.5,0,0.51,10,1
28.5,1.3,250,60,23.2,19.9,982.6,999.2,0.8,3.08,6,3
1,2.7,290,33,2.2,-13.5,992.9,1023,0,0,0,0
3.9,0,0,92,7.4,2.7,1022.8,1026.3,0,0,0,2
17.6,1.5,340,84,16.8,14.8,1019.1,1023.3,,,10,3
24.4,0.7,160,75,22.8,19.6,979.2,1014.4,0.2,,8,3
10.6,2.2,320,38,4.9,-3.1,1020.7,1026.7,0.7,2.15,4,0
18.9,0.7,50,51,11.1,8.5,1001.8,1009.8,,,7,3
18.8,0.2,0,97,21,18.3,1006.1,1015.5,,,10,3
7.7,3.4,270,57,6,-0.2,1018.2,1022.3,0.9,0.77,0,0
14.4,1.2,270,78,12.8,10.6,1020,1026.2,0,0.77,8,3
13.2,0.7,270,80,12.1,9.8,1006.8,1027.6,0,,9,3
26.5,2,230,87,30,24.1,1001.8,1011.5,0,0.02,10,1
15.6,2,230,72,12.7,10.5,1006,1006.7,,,10,3
8.7,9.1,50,83,9.3,5.9,1014.7,1015.1,0,0.19,10,1
31.6,3.2,230,73,33.8,26.1,1000.1,1005.9,1,2.77,4,0
28.3,1.1,110,69,26.4,22,927.7,1011,1,0.98,4,0
10.3,3.9,250,63,7.8,3.5,1014.5,1017.9,1,1.77,2,2
20.1,1,270,86,20.1,17.6,997.2,1008.3,,,10,1
27.1,1.3,50,88,31.5,24.9,1006.4,1012.3,0,0,10,1
25.4,3.4,90,78,25.2,21.2,1015.5,1017.9,0.4,1.18,9,1
6.9,7,20,64,6.3,0.5,1011.2,1016.2,0.3,,6,3
9,1.2,230,80,9.2,5.7,1015.8,1018.3,0,,10,3
29.5,1.5,180,54,22.2,19.2,1004.1,1005,0,0.59,3,0
10.7,0.5,90,54,6.9,1.7,1004.5,1014.3,1,,3,0
9.3,1.9,20,55,6.4,0.7,1019.4,1023.7,,,0,0
20.5,7.9,320,35,8.4,4.4,985.7,1010,1,,0,0
21.2,1.3,50,92,23.1,19.8,998.1,1011.4,,,0,0
21.4,0.3,0,92,23.4,20,1001.2,1010.6,0,0.25,10,1
2.6,2.6,290,79,5.8,-0.6,1010,1019.4,,,10,1
6.7,1.7,290,38,3.7,-6.6,1015.2,1023.8,0,0.01,0,0
8.1,4.2,230,68,7.3,2.5,1013.2,1017.6,,,10,1
1.6,14.6,340,64,4.4,-4.4,1012.4,1021.9,,,9,4
15.3,5.6,230,67,11.6,9.1,1000.5,1004.2,0.5,0.49,0,0
8.7,5.5,50,58,6.5,0.8,1019.6,1023.9,,,10,3
22.1,2.1,290,98,26,21.7,1003.6,1012.3,0,0.33,10,1
-1.4,2.6,290,28,1.5,-17.6,1020.8,1026.9,1,,0,0
22.1,0.6,320,85,22.5,19.4,1003.9,1010.2,0,0.06,3,2
9.4,1.7,320,90,10.6,7.8,1018.4,1023.3,,,6,2
-0.5,5.5,230,60,3.5,-7.3,998.1,1010.1,0.2,0.26,7,4
9.7,1.5,340,50,6,-0.2,1012.2,1022.6,0.8,,0,0
-4.9,0.7,70,93,4,-5.8,1013.1,1025.5,0.6,0.4,0,2
-5.9,1.2,290,59,2.3,-12.6,1016.8,1027.2,,,3,0
11.9,1,290,93,12.9,10.7,1008.5,1016.7,0,0.17,10,2
7.2,1.3,230,83,8.4,4.4,1013.4,1020.1,0,0.37,9,3
28.4,0.7,180,83,32.1,25.2,1014,1014.3,1,0.73,3,2
-0.1,3.4,290,46,2.8,-10.3,1017.3,1020.8,0.7,0.95,7,4
10.9,1.6,270,68,8.8,5.2,996.7,1007,,,10,1
23.2,0.6,290,87,24.7,20.9,997.5,1004.2,0,0.23,10,1
0.1,2,320,44,2.7,-10.7,1022.4,1025.8,,,0,0
8.6,2.9,270,32,3.6,-7.2,1019.5,1026.7,1,1.6,4,4
27.7,1.4,160,81,30,24.1,1004.4,1012.4,,,0,0
8,5.6,340,59,6.3,0.4,1018.2,1026.4,,,0,0
26.7,0.5,230,90,31.5,24.9,1008.1,1012.1,,,0,0
1.9,1.1,250,62,4.3,-4.6,1012,1022.8,1,1.74,0,2
24.8,4.2,230,90,28.1,23,998,1005.5,0,0.37,10,1
2.4,0.4,0,90,6.5,0.9,1012.8,1014.8,,,0,0
4.1,0.3,0,81,6.6,1.1,1013,1027.5,0.4,0.36,0,0
2.6,1,140,87,6.4,0.6,1019.6,1028.3,,,0,2
11.5,1.6,110,94,12.7,10.5,1002.1,1008.6,0,0.01,0,2
25.9,0,0,90,30,24.1,1011.9,1013.4,,,0,0
26.8,4.8,230,77,27.1,22.4,1001.1,1003.4,0,0.05,10,1
3.1,1.7,140,78,6,-0.3,1010.6,1019.2,,,9,2
3.6,1.9,140,88,6.9,1.7,972,1009.9,0,,0,0
8.2,1.2,290,85,9.2,5.8,999.7,1016.5,0,,10,3
-9.4,0.2,0,89,2.7,-10.8,1015.9,1025.9,0.4,0.31,0,0
17.4,1.6,200,54,10.6,7.9,1007.7,1012.4,1,2.22,7,3
27.2,0,0,83,29.8,24,978.3,1002.9,0.1,0.18,0,0
20.8,1.6,290,68,16.6,14.6,1006.4,1011.6,1,2.43,0,2
8.6,0,0,60,6.7,1.2,971.7,1000.3,,,6,3
11.9,3.1,290,40,5.6,-1.2,1011.3,1016.2,1,1.24,2,0
23.6,0.6,160,92,26.8,22.2,1012.2,1014.5,,,5,0
4.3,0.1,0,46,3.8,-6.3,1018.8,1025.6,,,0,0
18,1.3,360,98,20.1,17.6,1007.8,1015.8,0,0.01,10,1
6,0.8,50,87,8.1,3.9,1018.6,1024.6,,,0,0
29.8,2.2,200,59,24.7,20.9,1005,1008,,,3,0
29.1,2.8,230,78,31.3,24.8,1002.3,1011.9,0.2,1.65,8,1
5.4,1.2,70,77,6.9,1.6,1027.3,1028.5,,,0,0
27.7,0.4,0,88,32.6,25.5,1011.8,1012.9,0,0,3,0
10,1.3,270,83,10.2,7.2,1019,1021.5,,,5,0
0.8,0,0,95,6.1,0,929.3,1022.3,,,7,3
1.6,0.6,50,93,6.3,0.5,1011.4,1019.9,,,0,2
12.6,2.7,20,87,12.6,10.4,1014.6,1023.7,,,5,0
22.3,2.7,230,84,22.5,19.4,999.6,1004.2,0,0.58,8,2
15.3,2.6,320,25,4.3,-4.6,1024.8,1025.2,1,2.59,0,0
-9.4,2.2,290,52,1.6,-17.4,997,1026.8,,,0,0
-3.4,0.2,0,62,3,-9.6,1015.3,1025.8,,,8,3
16,0,0,79,14.3,12.3,1011.9,1014.3,0.2,,5,0
15.7,0,0,96,17,15,1006.6,1011.9,,,0,0
17.6,2.4,50,83,16.6,14.6,1000.8,1001.2,,,10,1
2.3,4,250,41,3,-9.6,1022.7,1023.2,,,0,0
5,0.5,200,89,7.7,3.3,1009.5,1020.1,,,8,2
31,4,160,80,35.9,27.1,1013.2,1015.5,1,,4,0
5.5,3.4,290,27,2.4,-12,1010.6,1016.9,0,0.03,0,0
14.1,2.7,110,94,15.1,13.1,1011,1017.5,,,7,2
5.8,0.7,270,82,7.5,2.9,1014.5,1021.8,,,10,2
12.5,0.5,340,82,11.9,9.5,1001.3,1011,0,0,10,2
18.3,7,230,82,17.2,15.1,1000.9,1009,0,0.84,10,1
14.7,5.8,360,97,16.2,14.2,1005.8,1011.1,,,10,2
11.5,5.5,320,61,8.2,4.2,1020.2,1024.6,,,2,2
20.3,0.4,0,94,22.2,19.2,1007.7,1009.1,,,0,0
-8.5,5.7,270,40,1.3,-19.7,997.6,1024.7,1,1.17,0,0
29.9,2.6,230,77,32.4,25.4,1009.7,1014.2,0.4,2.06,8,1
20.9,0.7,110,97,23.8,20.3,995.8,1015.8,0,,9,3
-7.1,0.1,0,66,2.4,-12.3,1007.8,1029.3,,,0,0
13.4,1,90,90,13.7,11.7,1003.4,1007.6,0.1,0.51,0,0
26.1,1.2,250,84,28.3,23.1,1001,1011.9,0,,1,0
26.6,2,140,88,30.6,24.4,997.8,1013.8,0,0.41,10,1
0.1,1.4,50,100,6.1,0,1015.5,1021.2,,,10,2
7.6,0.5,180,92,9.5,6.3,1003.2,1014.9,0.5,0.58,0,2
5.9,1.9,20,95,8.8,5.1,1016.7,1017.9,,,10,3
27.7,5.5,180,90,33.4,25.9,1005.9,1006.2,0.2,1.7,10,1
21,2.5,290,50,12.4,10.1,1009.8,1012.7,1,3.06,0,0
6,3.8,140,88,8.2,4.1,1004.3,1008.7,,,0,2
25.1,1,110,93,29.5,23.8,1001.9,1008.8,0,0.3,10,1
24.3,0.9,230,82,24.9,21,998.4,1008.1,,,2,1
4.1,4.3,270,56,4.6,-3.9,1005.2,1022.4,0,,0,0
-10.2,0.5,90,53,1.5,-17.9,1023.2,1029.6,1,,0,0
14.1,4,50,97,15.6,13.6,1004.5,1014.7,,,10,1
21.6,0.7,50,98,25.2,21.2,1007.5,1010.4,,,8,3
3.2,0.9,110,62,4.8,-3.3,1021.6,1028,,,6,3
23,0,0,94,26.3,21.9,994.7,1010.7,,,0,0
1.9,1.7,290,29,2,-14.3,985.8,1026.1,1,,0,0
17.6,2.1,70,82,16.4,14.4,994.5,1023.3,,,10,3
13.5,1.5,270,74,11.4,8.9,1016.3,1016.8,,,7,3
22.7,0.3,0,86,23.7,20.2,994.6,1007.7,0,0.35,8,3
-6.5,0,0,88,3.3,-8.1,1008,1026.3,,,2,2
17,2.1,270,46,8.8,5.2,997.7,1002.5,,,0,0
3.9,2.4,320,74,6,-0.3,979.7,1006.6,,,8,1
0.5,0.1,0,92,5.8,-0.6,1001.2,1018.8,,,10,3
16.2,0.5,160,94,17.3,15.2,1005.2,1016.6,,,9,2
18,10.8,140,99,20.4,17.8,997.8,1006.6,0,0.32,10,2
27.4,1.6,270,75,27.2,22.5,971.6,1007.6,0.2,,7,3
-8.3,3.1,320,73,2.4,-12.2,1023.1,1026.8,,,8,4
13.1,4.4,50,35,5.3,-2,1007.3,1021.1,1,2.57,4,0
19,6.5,70,67,14.7,12.7,1007.9,1009.8,0,,10,3
-1.2,0.3,0,81,4.5,-4,1006.5,1028.3,,,0,0
7.4,0,0,93,9.5,6.3,1008.9,1026.3,,,2,2
-2.3,0.2,0,79,4.1,-5.4,994,1011.8,,,10,4
10.7,4.6,250,80,10.2,7.3,1010.2,1013.6,,,4,2
17.2,2.5,110,90,17.6,15.5,1006.5,1010.6,,,10,1
11.7,0.9,110,67,9.2,5.7,1009.2,1011.3,0,0,9,3
5,1,50,60,5.2,-2.1,1008.8,1025.4,,,10,3
18.9,1.6,270,80,17.4,15.3,995.6,1004.3,,,8,1
1.3,0.3,0,90,6.1,-0.1,1018.2,1018.6,,,0,2
17.8,1.9,70,93,18.9,16.6,1011.4,1014.7,,,10,1
10.3,4.6,110,63,7.8,3.5,1021.9,1022.1,,,10,3
-9.5,1.9,360,,,,1022.6,1024.5,,,0,0
13.8,1.9,200,72,11.3,8.8,1008.1,1016.4,,,0,0
-6.8,1.2,20,64,2.4,-12.4,1028.5,1029.8,,,0,0
2.1,1.2,20,88,6.2,0.3,1018.1,1028.9,,,0,2
-4.8,2.1,110,20,0.9,-24.3,932,1019.9,1,1.82,2,0
23.6,0.1,0,92,26.8,22.2,1003.7,1012.4,0,0.02,9,3
0.9,2.5,320,91,5.9,-0.4,1015.6,1024.2,,,3,4
1.2,0.6,320,35,2.3,-12.6,1017.6,1024.5,,,9,3
1.9,8.9,20,79,5.6,-1.3,1017.9,1023.5,,,4,0
12.8,2.6,160,48,7.1,2,1004.9,1013.2,0,0.96,9,3
-1.8,0.1,0,66,3.5,-7.3,1010.7,1023,1,0.82,0,0
-2.3,3.8,70,82,4.2,-4.9,994.4,1022.4,,,9,4
6.7,1.4,250,84,8.2,4.1,992.8,1013.7,,,9,3
20.8,1.3,270,86,21,18.3,1007.1,1016.6,,,9,1
20.5,0.8,230,94,22.5,19.4,1001.6,1008.6,0,0.08,10,1
-13,0.5,140,63,1.4,-18.5,986.4,1027.5,,,10,3
2.8,1.9,50,94,7,1.9,1009.4,1018.2,,,10,1
19.8,0.8,250,84,19.4,17,1009.6,1015.6,,,9,3
11,0.2,0,63,8.2,4.2,1014.4,1017.8,,,6,3
32,4.3,70,65,30.7,24.5,1007.5,1009.8,0.7,1.31,4,0
8.9,0.8,110,86,9.7,6.6,1018.3,1025.7,0,0.14,7,2
-0.5,1.9,70,87,5.1,-2.4,1016.6,1020.1,,,7,2
9,0.1,0,93,10.6,7.9,1021.8,1022.2,,,0,2
16.2,4.3,110,88,16.2,14.2,1009,1013.2,0,0.29,9,3
10.8,2,180,74,9.5,6.3,1011.7,1016.1,0.5,0.22,0,0
19.2,0.5,290,100,22.1,19.1,997.1,1006.6,0,,9,3
12.3,2.6,50,51,7.3,2.4,1012.7,1021.1,0.8,1.95,3,0
2.2,0.1,0,71,5.1,-2.5,1008.2,1018.4,,,0,0
31.8,2.3,360,63,29.5,23.8,1008,1011.8,0.9,1.87,8,3
5.3,3.3,250,65,5.8,-0.7,1017.2,1027.9,0.4,1.81,9,4
14.9,1,250,67,11.3,8.8,1010,1028,0.1,1.41,9,3
28.8,0.7,200,78,30.7,24.5,1007.5,1009,0.7,,1,0
4,2,20,58,4.7,-3.5,1016.1,1020,,,8,3
8.9,1.3,20,76,8.6,4.8,1027.3,1028.5,,,0,0
-4,6.6,270,32,1.5,-18.3,992.4,1023.6,,,9,3
-7.3,0.4,0,55,1.9,-14.8,995.1,1022,,,4,0
21.1,2.5,50,74,18.4,16.2,1010.5,1018.6,,,9,3
6.5,1,270,79,7.6,3.1,1013.5,1020.8,0,0.18,9,2
14.2,1,320,34,5.5,-1.4,1016.9,1020.4,1,2.42,0,0
0.8,4.2,270,17,1.1,-21.5,998.9,1025.1,1,2.25,0,0
19.9,1.4,50,92,21.3,18.5,1013.7,1017,0,0.33,10,2
6.2,0.8,90,76,7.2,2.2,992,1000.5,,,10,1
9.2,3.6,200,70,8.1,4,1004,1014.4,,,0,2
11.3,2.1,160,85,11.3,8.8,997.3,1005.7,,,0,2
13,0.7,90,73,10.9,8.2,996,1004.3,,,0,2
-0.2,0.3,0,96,5.8,-0.7,1025.1,1028.5,,,0,0
14,0.6,20,92,14.7,12.7,1006.9,1018.4,0,0.04,9,2
-4.5,0.4,0,95,4.2,-5.1,1007.9,1020.2,,,0,2
5,0.7,140,82,7.1,2.1,1015.1,1018.6,,,0,2
3.9,3.9,70,85,6.9,1.6,1015.2,1020.2,,,10,1
19.2,1.5,200,92,20.4,17.8,997.7,999.3,0,0.02,8,3
13.8,0.3,0,34,5.4,-1.8,1008.5,1012,,,0,0
-1.4,2.8,290,56,3.1,-9,1015.8,1021.6,,,2,0
2.9,0.6,50,91,6.8,1.5,1009.6,1018.4,0,0.35,10,1
28.8,1.6,160,75,29.7,23.9,998.8,999.7,0.1,1.53,9,3
-1.3,0.2,0,97,5.4,-1.7,1010.6,1022.8,,,10,4
-3,16.3,340,92,4.5,-4.1,1020.1,1029.8,0.1,0.2,7,4
5.9,9.9,270,65,6.1,-0.1,1010.8,1016.3,0,1.35,10,1
17.6,2.2,70,97,19.5,17.1,1007.9,1015.9,,,10,1
25.4,1.5,110,80,25.8,21.6,991.5,1006.1,0.7,2.07,7,3
33.2,4.3,200,50,25.3,21.3,1004.7,1009.2,0.9,2.96,4,0
24.7,3,200,89,27.6,22.7,1000,1004.1,0,1.15,9,2
4.9,1.1,50,79,6.8,1.5,991.1,1017,,,10,3
25,0,0,99,31.3,24.8,1001.5,1010.8,,,0,0
-3,0,0,92,4.5,-4.1,1023.6,1024.9,,,0,0
5.8,3.5,110,55,5.1,-2.5,1014.1,1031.7,0,0.13,9,3
12.1,3.4,320,31,4.4,-4.5,1011.9,1018.1,,,9,3
15,3,320,65,11,8.4,1007.5,1017.7,1,1.73,2,2
19.4,1.9,250,97,21.8,18.9,1005,1009.6,0,0.26,10,2
13.2,5,70,74,11.2,8.6,1002.7,1029.3,,,7,3
2.4,2.9,50,90,6.5,0.9,1017.2,1021.7,,,10,1
20.7,1.2,320,84,20.4,17.8,1003.6,1007.7,0.9,2.02,8,3
5.4,1.4,140,95,8.5,4.6,1016.9,1021.9,,,0,2
-1.6,1.1,50,91,5,-2.8,1007.5,1017.1,,,0,0
24.3,1.5,160,93,28.1,23,1004.4,1008.5,0,0.18,10,1
0.7,1.6,290,76,4.9,-3,1024.6,1025.9,,,9,3
12.6,2.4,270,23,3.3,-8,1012.6,1022.4,1,,0,0
18.5,1.7,160,86,18.3,16.1,1003.2,1007.9,,,9,1
11.8,0.5,110,86,11.9,9.5,1001.5,1018.5,,,6,3
20.4,3.5,70,99,23.7,20.2,995.6,1003.6,,,10,1
5.7,1.4,140,82,7.5,2.8,1010.5,1018,,,8,2
9.4,1,340,75,8.8,5.1,1018,1019.5,,,0,0
23.6,1.4,290,93,26.9,22.3,996.6,1000.7,,,0,2
22.5,3,180,46,12.4,10.2,1010.5,1017.3,1,2.62,1,0
2,0.4,0,98,6.9,1.7,1006,1018,0,0.05,7,2
-1.8,5.6,290,49,2.6,-11.1,1010.2,1022.5,,,0,0
16.6,0,0,96,18.1,15.9,1001.6,1018.3,0,0.4,10,1
31.7,2.4,90,68,31.7,25,1004,1007.9,1,1.8,2,0
24.6,2.9,290,49,15.1,13.1,1012.6,1014.4,1,2.61,0,0
18,2.1,140,70,14.4,12.4,1013.4,1017.7,0.8,1.54,0,2
16.4,1.5,140,75,13.9,11.9,1011.7,1016.1,,,6,3
-0.3,0.4,0,86,5.2,-2.3,971.9,1022.3,,,3,0
12.9,0.5,50,87,12.9,10.7,999.9,1009.6,,,10,1
14.9,2.1,160,81,13.7,11.6,1000.7,1009,0,0.91,9,2
9.9,5.3,290,58,7.1,2,979.3,1005.6,,,0,0
3.8,1.1,20,69,5.6,-1.3,1016.4,1020.3,,,0,0
5.7,3.8,340,77,7,1.9,1000.7,1005.1,,,4,2
12,4,250,81,11.3,8.8,1015.3,1018.7,,,8,2
6.8,0.5,140,82,8.1,3.9,1007.7,1012.6,0.9,0.4,0,2
24.8,1.1,180,84,26.3,21.9,1000.7,1009.3,,,1,0
17.1,1.1,70,81,15.8,13.8,1011.1,1011.3,1,1.1,0,0
21.9,2.7,230,86,22.5,19.4,1006.1,1010,0,1.27,9,3
1.7,0.7,290,29,2,-14.4,1019.3,1026.7,,,9,3
20.2,1.2,180,93,22,19,1005.7,1008.9,,,9,2
15.2,5.2,90,89,15.3,13.3,994.9,999.6,0,0.24,10,1
9.7,5.9,70,82,9.8,6.7,1011.5,1017.8,0,0.74,10,1
9.7,0.8,230,69,8.2,4.2,1019.6,1022.9,,,6,3
34,1.1,160,36,19.1,16.8,1003.4,1009.4,0.8,1.41,7,3
19.6,1.6,250,36,8.2,4.1,1017,1017.4,1,1.52,0,0
25.1,2.2,50,90,28.6,23.3,986.1,1011.1,0.1,0.72,7,1
16.1,0.2,0,91,16.6,14.6,999.9,1016.5,,,6,3
21.8,1.3,180,62,16.1,14.1,1010.9,1015.5,1,2.64,3,0
24.8,0.8,110,78,24.3,20.6,1005.7,1011.7,,,1,0
-5.7,0.8,200,49,2,-14.7,1012.1,1021.8,,,0,0
14.7,0.9,230,93,15.5,13.5,1014.7,1018.9,,,0,2
29.7,1.1,140,67,27.9,22.9,977.4,996.4,0.1,,8,3
4,0.8,290,81,6.6,1,1010.4,1013.8,0.1,0.13,5,2
6.9,1.7,250,66,6.5,0.9,1008.6,1016.7,,,4,0
15.6,4.9,320,56,9.9,6.8,995.2,1003.2,0,0.21,10,1
22,0.7,110,76,20,17.5,1016.3,1020.5,1,1.17,0,2
3,1.2,50,56,4.2,-4.9,1024.9,1025.7,,,2,0
16.8,4.4,230,87,16.6,14.6,992.4,1000.1,0,0.98,10,2
-1.8,2.4,200,26,1.4,-18.8,995.3,1025.8,1,1.58,0,0
-2.8,0,0,73,3.6,-6.9,1025.5,1029.3,,,2,0
22.8,0.4,0,86,23.8,20.3,982,1009.8,,,1,0
24.2,0,0,95,28.6,23.3,1004.8,1006.6,,,6,3
23.2,4.5,200,97,27.4,22.6,1004.4,1008.5,,,10,2
18.6,2.6,50,92,19.6,17.2,1007.8,1014.7,0,0,10,1
5.1,2.7,340,75,6.6,1,1013.7,1022.3,,,9,2
18.8,1.7,70,89,19.2,16.9,1009.4,1010.8,,,5,0
4.4,2.4,270,57,4.8,-3.3,1011.1,1021.8,,,0,0
25,1,340,96,30.4,24.3,1001.7,1012.6,0,0,10,1
25.7,3.4,50,52,17,15,1012.3,1016.1,1,2.64,5,0
16.9,2.7,340,79,15.2,13.2,1006.4,1011.7,0.7,,6,3
19,3.9,230,60,13.1,11,988.8,998.1,1,2.31,1,0
3.6,3.3,250,51,4,-5.6,1006.2,1012.9,0.4,1.11,8,4
24.9,0.6,360,91,28.6,23.3,1008.4,1014.3,,,6,3
24,1.5,140,97,28.8,23.4,1009.5,1013.6,,,8,3
27.6,1.8,320,85,31.3,24.8,1007.4,1007.7,0,0.09,10,1
14.4,1.2,250,95,15.6,13.6,1008.2,1017.2,,,2,2
13.6,0.2,0,55,8.5,4.7,1010.7,1011.7,1,,7,3
11.7,1.9,160,87,11.9,9.6,998.1,1004.6,,,10,1
3.5,3.5,320,64,5,-2.6,1007.4,1018.1,0.2,0.07,7,4
4.2,1.9,270,81,6.7,1.2,1016.9,1021.9,0.1,1.01,7,2
-4.5,0.3,0,85,3.7,-6.6,1023.1,1028.9,,,3,4
9.8,1.7,340,55,6.6,1.1,1008.7,1013.2,,,0,0
23.2,2.8,180,88,24.9,21,1000.8,1005.4,,,4,0
24.6,3.1,320,73,22.5,19.4,984.1,1007.7,0,0.3,10,3
20.6,0,0,95,22.9,19.7,988.9,1005.1,,,7,3
-1.1,0.5,230,59,3.3,-8.1,1018.6,1022,,,7,3
20.1,3,230,22,5.2,-2.3,999.6,1010,0.7,2.46,8,3
7.4,0.6,90,89,9.1,5.6,1013.2,1020.5,,,4,0
19.2,2.2,320,94,20.9,18.2,1013.8,1018,,,5,2
22.3,0.6,200,76,20.4,17.8,1001.9,1009.7,0,0.32,9,3
19.7,1.1,270,41,9.3,6,1006,1014.2,1,1.23,0,0
24.7,0.7,50,93,28.8,23.4,1000.8,1008.8,,,10,1
1,0.8,270,87,5.7,-0.9,1017.8,1022.8,,,10,4
8.9,2.2,290,73,8.3,4.3,1005.1,1010.9,,,0,0
13.9,1.7,250,84,13.3,11.2,1006.7,1009.2,,,9,2
26.9,0.7,90,89,31.5,24.9,1005.7,1007.7,0.1,0.04,0,0
24.4,0.6,140,88,26.8,22.2,998.6,1001.8,,,3,2
33.5,2.2,110,53,27.4,22.6,1002.6,1007.6,1,,2,0
30.6,2.2,20,69,30.2,24.2,1001.2,1003.5,0.8,1.48,1,0
25.8,4,360,45,14.9,12.9,1005.3,1013.1,1,2.99,0,0
32.9,1.3,200,60,29.8,24,1005.7,1009,1,2.62,3,0
22.4,0,0,86,23.2,19.9,1009,1016,0,0.43,10,1
10.1,1.7,360,56,6.9,1.7,1016.9,1022.4,,,10,1
14,1.3,50,96,15.3,13.3,1020.1,1024.2,0.4,0.3,6,3
26.7,3.4,290,87,30.4,24.3,1004.9,1012.8,,,2,0
17.9,2.4,50,94,19.2,16.9,1010.5,1013.8,,,10,1
21,1,200,84,20.8,18.1,1003.4,1011.4,0.1,0.05,0,0
9.4,1.4,230,82,9.6,6.4,999.1,1002.4,0,0.36,1,2
-6.7,2.8,320,37,1.4,-19,1026.3,1031.5,,,0,0
18.4,2,20,67,14.1,12.1,1021.3,1023,0.1,0.39,3,0
12.1,0.1,0,95,13.4,11.3,995.5,1006.9,,,10,1
24.3,0,0,98,29.7,23.9,997,1016.4,,,4,0
4.5,0.5,320,82,6.9,1.6,1024,1029,1,0.82,2,2
30.4,2.7,50,73,31.7,25,1001.9,1002.3,1,2.39,2,0
30,1.2,110,74,31.3,24.8,998.7,1003.1,0.9,1.53,4,2
29.6,2.6,200,77,31.9,25.1,1002.2,1002.5,0,0.5,9,3
11.4,0.6,50,73,9.8,6.7,1011.8,1016.3,,,0,0
26.6,0.8,140,100,34.6,26.5,989,1004,,,3,0
3.6,2.3,200,62,4.9,-3,1023.9,1024.7,,,8,3
23.7,2.2,50,68,19.9,17.4,1007.8,1015.8,,,8,3
15,3.9,270,66,11.2,8.6,1009.3,1016.5,0.4,0.25,0,2
3,0.1,0,58,4.4,-4.4,1018.5,1025.4,,,0,0
22.8,1.5,200,95,26.3,21.9,998.5,998.8,0,0.01,10,2
4.5,7.4,20,89,7.5,2.8,971.9,998.6,,,9,1
9.5,1.3,270,91,10.7,8,1003.8,1011.1,,,0,2
34.1,0.8,290,49,26.1,21.8,974.2,1009.5,1,,0,0
22.2,0,0,85,22.7,19.5,989.7,1005.8,,,3,0
12.7,4.1,200,59,8.6,4.8,1002.5,1010.8,1,1.77,0,2
-2.1,1.3,160,22,1.1,-21,1008.5,1026.4,1,,0,0
19.6,2.5,50,86,19.5,17.1,1005.6,1013.7,,,10,1
18.9,1.1,270,65,14.1,12.1,1003.2,1010.8,,,7,3
-4.1,2.3,290,55,2.5,-11.8,1018.7,1025.3,,,0,0
31.8,1.4,180,48,22.5,19.4,973.7,999.9,1,3.33,2,0
24.4,5.4,290,19,5.8,-0.7,991.7,1007.7,1,2.61,0,0
13.3,3.1,270,78,11.9,9.5,995.5,1004.4,,,10,1
8,0.6,50,90,9.6,6.4,1015.7,1016.5,,,0,0
19.1,3.5,290,18,4,-5.8,990.2,1006.4,1,,0,0
17.2,1.9,320,42,8.2,4.1,1010.5,1013.7,1,,0,0
-8.7,1.4,360,77,2.4,-12,1022.7,1024.6,,,0,0
5.3,3.2,250,63,5.6,-1.1,1020.6,1023.2,,,3,0
-3.7,0.5,20,79,3.7,-6.8,1016.2,1018,,,6,3
17.7,3.2,50,59,11.9,9.5,1008.2,1016.4,0.1,1.08,9,3
24.4,2.1,90,88,26.8,22.2,989.1,1014.2,0,0,10,1
23.2,0,0,88,24.9,21,983.9,999.9,0,0.44,10,1
23.4,1,290,88,25.2,21.2,1003.3,1003.8,,,10,1
2.4,2.1,140,83,6.1,-0.1,1012,1019.6,,,5,2
15.2,3.1,230,73,12.5,10.3,1007.6,1008.1,1,1.11,0,0
1.8,1.8,50,80,5.6,-1.2,1009.3,1020.1,,,9,2
20.8,0.6,230,78,19.1,16.8,1011.5,1014.9,1,1.78,0,0
23.4,0.6,290,98,28.1,23,1008.3,1011.2,,,8,3
12.2,0.2,0,76,10.7,8,999.3,1009,,,10,2
22.5,3.6,70,87,23.7,20.2,1007.7,1008.2,0,0.13,10,1
31.4,0.6,340,68,31.1,24.7,1003.2,1012.1,0.4,,8,3
4.8,1.2,70,70,6,-0.2,1024.5,1025.3,0,0,8,3
14.4,5.2,160,88,14.4,12.4,1009.2,1014.5,,,0,2
16.1,1.9,70,33,6,-0.2,1015.5,1018.8,1,2.33,0,0
9,3.2,180,63,7.2,2.3,981.9,1021,1,,2,0
11.5,0.6,180,78,10.5,7.7,997.3,1007,,,9,2
1.3,2.4,340,55,3.7,-6.7,1017,1023.6,,,9,4
28,1.3,230,74,27.9,22.9,999,1008,0.1,,8,3
3,1.7,270,49,3.7,-6.6,1013.6,1021,,,9,4
13.3,2.9,140,78,11.9,9.5,1018.6,1022,0.5,,8,3
13.1,0.1,0,90,13.5,11.4,1002.8,1008.3,,,10,3
8.2,0.1,0,71,7.7,3.2,994.6,1015.4,,,0,0
10.4,4.1,180,73,9.2,5.7,1005,1013.3,1,1.74,0,2
9.8,1,250,56,6.8,1.4,973.3,1011.9,1,,0,0
22.3,2.1,50,75,20.1,17.6,988.3,1015.9,0,0.07,7,3
12.8,0.1,0,63,9.3,5.9,1005.9,1012.2,0,1.05,9,3
20.7,0.4,0,58,14.1,12.1,982.3,1009.9,,,10,3
9,2.9,90,92,10.5,7.7,1003.4,1008.2,0,0.12,10,1
3.3,0.4,0,57,4.4,-4.4,1025.9,1027.6,,,0,0
27.8,7.7,250,81,30.2,24.2,1000.8,1008.8,0.7,0.58,3,0
-1.7,6.6,320,64,3.5,-7.6,1026.4,1032.2,,,9,4
17,1.4,160,88,16.9,14.9,1013.8,1020.3,,,9,1
15.4,0.9,250,79,13.7,11.7,1001.9,1011.4,,,0,0
27.7,0.8,180,79,29.3,23.7,1011.3,1011.6,,,0,0
-4.9,0.7,180,48,2,-14.2,1024.7,1026.5,,,0,0
11.9,1.9,290,35,4.9,-3.1,998.9,1019.7,0.5,,0,0
24.8,0.7,20,91,28.4,23.2,988.1,1003.2,,,0,0
24.2,0.2,0,92,27.7,22.8,1003.4,1011.4,0,0.25,10,1
-4.4,1,90,88,3.9,-6,1006.2,1027.4,,,6,3
1.4,1.6,250,66,4.5,-4.2,1019.2,1024.9,,,0,0
19.6,1.9,230,91,20.6,18,1002.2,1004.2,,,7,3
14,0.7,340,46,7.3,2.5,1005.4,1011.4,,,0,0
20.1,2.9,50,81,19,16.7,995.4,1005.3,0,0.01,10,1
14.5,2.8,180,64,10.5,7.7,959.5,1006.5,0.6,,6,3
11.3,1.3,90,89,11.9,9.5,983.5,1012.1,,,7,3
3,0.8,360,67,5.1,-2.5,1000.2,1021.5,,,10,3
0.1,12.7,320,64,3.9,-5.9,1020.6,1030.2,0.2,0.99,9,4
-4.5,2.5,340,87,3.8,-6.3,1019.4,1027.2,0,0.01,0,2
17.2,4,160,88,17.2,15.1,1008.1,1016.3,0.6,0.37,7,2
11.4,3.7,320,30,4.1,-5.5,997.3,1015.6,0,0.23,6,3
24.1,2.2,320,32,9.5,6.3,1007.2,1011.3,1,2.62,0,0
17.5,4,200,91,18.2,16,979.4,1005,0,0.69,8,1
24.8,6.3,290,24,7.5,2.8,991.6,1006.3,1,1.42,0,0
25.6,0.8,230,87,28.4,23.2,1008.7,1016.2,0,0.19,10,1
-7.3,2.1,140,77,2.7,-10.6,1020.4,1028.3,,,7,3
1.8,0.7,320,61,4.2,-4.9,1016,1022.9,1,0.47,0,0
21.2,1.5,50,70,17.6,15.5,1014.1,1017.8,,,7,3
32.7,2.1,160,54,26.6,22.1,997.6,1006.6,1,3.24,3,2
27.7,0.7,180,86,31.9,25.1,986.4,1003.8,,,1,0
6.9,0.7,160,33,3.3,-8.2,1019.6,1025.5,1,,0,0
20,0.8,320,69,16.1,14.1,1012,1016.7,,,9,3
26.8,2.2,140,96,33.8,26.1,1008.6,1013.7,,,5,2
19.2,0,0,99,22,19,1005.6,1009.2,,,9,3
24.2,5.4,230,94,28.3,23.1,984.2,1009.2,0,0.26,10,2
-3.5,3.5,320,21,1,-22.7,1003.4,1022.8,0.6,0.24,0,0
22,0.4,0,98,25.8,21.6,1000.1,1011.1,0,0.07,10,2
13.6,2.3,340,93,14.4,12.4,1002.7,1011.2,0.8,0.84,2,0
4,3.3,290,50,4.1,-5.5,1008,1019,,,7,3
20.9,1.4,200,79,19.5,17.1,1004.7,1009.9,0,,7,3
24.3,1.9,90,70,21.2,18.4,1005.3,1014.6,0,,9,3
-2.8,4.8,270,25,1.2,-20.1,1018.6,1023.8,,,0,0
1.7,0.4,0,95,6.5,0.9,1004.2,1018.6,,,10,3
24.1,3.9,50,34,10.2,7.2,1001.2,1016,1,0.47,0,0
5.6,0.8,250,87,7.9,3.6,1007.8,1017.1,,,10,1
13,0.1,0,91,13.6,11.5,1001.9,1010.9,,,7,2
20.2,1.7,90,87,20.5,17.9,1000.9,1017.3,0,0.58,10,1
0.8,0.8,320,94,6.1,0,1014.5,1019.5,,,6,2
7.5,0.9,270,71,7.3,2.5,1008.6,1019.1,0,0.11,5,2
1.2,14.4,340,69,4.6,-3.8,1013.3,1022.8,,,9,4
6.8,12,270,52,5.2,-2.3,911.4,1000.4,,,6,3
-5.8,0.6,110,97,3.8,-6.2,1010.1,1021.1,,,0,0
15.2,2.3,200,94,16.2,14.2,1010.1,1018.3,,,6,2
13.1,1.2,230,66,9.9,6.8,1016.3,1019.7,0,0.14,7,3
6.1,0.6,180,64,6,-0.2,1009.9,1017.1,0,0,5,2
23.3,0.7,250,86,24.6,20.8,1010.6,1016.6,,,8,3
20.9,2.1,180,56,13.7,11.7,1013,1015.4,,,7,3
16.8,2.5,270,78,14.9,12.9,1018.4,1020.5,,,4,0
15.1,0.3,0,93,15.9,13.9,1008.6,1013.3,,,0,2
17,0,0,80,15.5,13.5,1003,1006.9,0,0.04,10,3
-0.2,9.4,20,55,3.3,-8.1,1023,1028.7,1,1.02,2,0
-2,5.6,340,54,2.9,-10,1020.6,1027.3,0.7,1.65,7,3
-0.1,2.2,20,82,5,-2.8,1017.5,1022.1,0.4,0.45,10,4
28.1,3.7,360,70,26.6,22.1,1003.1,1007.6,,,2,0
0.8,1.3,20,34,2.2,-13.3,1016.1,1024.7,,,10,3
8.8,1.9,230,52,5.9,-0.5,983.3,1015.1,,,0,0
22.1,1.7,290,69,18.3,16.1,1000.6,1010.5,0,0.24,7,3
20.5,0.6,90,94,22.5,19.4,999.2,1010.3,0,,6,3
10,1.7,340,69,8.4,4.5,1019,1023.3,,,0,0
33.1,1.2,180,53,26.8,22.2,997.3,1006.3,1,3.35,2,2
7.8,1.6,360,71,7.5,2.8,1024.4,1026.4,,,8,3
-0.4,0.1,0,69,4.1,-5.4,1024.7,1028.1,,,2,0
23.2,1.2,20,85,24.1,20.5,1009.5,1010.7,0,0.02,9,3
30.7,4.3,230,71,31.3,24.8,1009.1,1015.9,0.6,2.45,8,1
11.4,2.3,180,51,6.9,1.6,1020.3,1024.6,0.8,1,2,1
8.7,1.4,90,92,10.3,7.4,1018.5,1025.2,,,2,2
-3.7,2.5,20,92,4.3,-4.8,1019.7,1025.5,0,0.38,7,4
23.9,8.1,180,94,27.7,22.8,999.4,1008,,,10,2
9.1,3.6,200,68,7.8,3.4,987.1,1016.9,0.6,,0,0
23.6,2,230,61,17.7,15.6,995.3,1012.5,1,2.56,4,0
21.1,1.5,250,87,21.7,18.8,1017.1,1020.3,0,0.59,10,3
21.1,3.1,270,87,21.7,18.8,919.8,1004.7,0,0.47,10,3
18.3,9.7,90,85,17.8,15.7,1008.2,1017,,,10,1
-6.9,2.3,320,42,1.5,-17.6,1004.4,1024.1,,,0,0
19.3,0.6,340,94,21,18.3,998.8,1016.3,,,9,3
16.5,4.5,230,83,15.5,13.5,1011,1017.2,0,0.02,10,1
20.1,1.6,110,95,22.2,19.2,1005.7,1010.9,0,0.26,10,1
25.8,2.1,320,33,10.9,8.2,1002.8,1009,0.1,0.05,8,3
4.7,1.4,270,61,5.2,-2.1,1020,1025.7,,,0,0
9.8,3,200,89,10.7,8,1012.8,1017.8,0,,2,0
24.7,0.9,140,87,26.9,22.3,1002.3,1009,0,0.18,10,1
13.5,2.8,180,90,13.8,11.8,1008.5,1012.8,,,8,2
-3.9,4.5,320,45,2.1,-14.1,1013.4,1030.1,1,1.66,0,0
2.6,3,180,37,2.7,-10.6,1011.3,1020,,,0,0
4,3,70,75,6.1,0,1015.8,1021.4,,,0,2
-0.1,0.9,360,78,4.8,-3.4,1015.5,1024.4,0,0.08,0,2
19.9,0.4,0,95,22,19,934.7,1014.6,,,3,0
-6.9,1,180,39,1.4,-18.5,1018.8,1031.4,1,1.66,0,0
4.5,10.9,320,59,5,-2.8,1016.8,1025.7,0.7,0.2,0,0
8.9,8.3,360,76,8.6,4.8,1016.6,1022.1,0.6,0.7,1,2
14.3,4.1,250,32,5.2,-2.2,1010.4,1016.1,1,,0,0
20.6,3.8,50,69,16.7,14.7,1011.4,1019.5,,,3,0
24.7,3.5,20,94,29.1,23.6,1000.5,1009.1,,,0,2
33,1.4,250,59,29.7,23.9,1005.3,1010.4,1,,0,0
24.8,0,0,93,28.9,23.5,1010.1,1013.3,,,2,2
8.6,0.2,0,68,7.6,3,978.5,1027.6,1,,0,0
16.9,1.2,20,97,18.6,16.4,1003.5,1007.7,0,0.05,10,2
24.5,0,0,97,29.7,23.9,996.5,1007.4,,,9,2
25.7,1.6,200,71,23.4,20,1011,1016.9,0,0.33,10,1
15.7,1.4,270,27,4.8,-3.2,971.4,1007.6,1,,0,0
-1.8,2.5,270,27,1.5,-18.3,983.2,1022.4,,,0,0
7,2.1,50,25,2.5,-11.7,1012.2,1020.6,1,1.15,0,0
12.1,1.4,230,69,9.7,6.5,1001.4,1011,,,0,0
-6.5,3.9,340,57,2.1,-13.6,1020,1025.2,,,0,0
19.9,0.2,0,98,22.7,19.5,998.9,1008.7,,,10,3
24,0.4,0,93,27.6,22.7,1014.1,1014.4,,,2,2
29.6,3.9,160,87,35.9,27.1,1003.9,1012.3,0.5,1.2,7,1
5.3,0.3,0,92,8.1,4,1007.9,1019.8,,,8,2
19,3.8,50,83,18.2,16,1007.7,1014.6,,,10,1
12.2,0.3,0,100,14.1,12.1,1001.1,1019.4,,,8,3
19.3,1.8,200,89,19.9,17.4,1007.2,1011.4,0,0.01,0,2
20.9,1.8,20,50,12.3,10,928.2,1007.3,0.1,0.54,9,3
0.1,0.9,320,91,5.6,-1.1,1009.2,1018.8,0,0.01,9,3
-1.3,0.4,0,99,5.5,-1.4,992.5,1025.9,,,0,0
25.3,0.6,160,94,30.2,24.2,1007.4,1011,,,2,0
20.3,0.8,270,86,20.4,17.8,1005.3,1012.1,0,0,9,2
-3.1,5.5,270,59,2.9,-9.9,1006.3,1017.2,,,8,4
-2.3,5.2,340,53,2.7,-10.6,1021.8,1023.1,,,9,3
-0.1,0,0,100,6.1,-0.1,981.4,1032.3,,,0,0
26.6,0.6,250,81,28.1,23,1007.6,1012.8,0,,4,0
24.3,3.4,180,86,26.1,21.8,997.8,1004.7,0,0.1,10,1
-2.3,0.2,0,85,4.4,-4.4,1020.3,1025.1,,,10,3
9.7,0.4,0,86,10.3,7.4,1005.8,1010,0,0,0,2
18.1,1.9,290,75,15.5,13.5,1012.2,1012.4,,,4,0
10,0.6,140,90,11,8.4,1011.6,1017,,,0,0
27.1,1.9,70,49,17.5,15.4,1017.2,1018.2,0.6,2.37,6,3
20.7,0.8,270,76,18.5,16.3,1005.1,1010.7,0,,7,3
-2.7,1.8,250,82,4.1,-5.3,1012.4,1022,,,10,4
29.6,3.6,200,80,33,25.7,1006.6,1011.6,0.6,0.28,2,0
-7.2,2.1,250,34,1.2,-20.4,1021.3,1021.8,,,0,0
14.2,8.8,250,99,16,14,968.3,993.9,0,0.14,10,2
-2.7,5.2,20,78,3.9,-6,994.5,1022.5,,,9,4
-3.7,0,0,98,4.6,-3.9,1010.5,1030.5,0,0,0,0
17,6.9,290,36,7,1.8,983.6,1000,,,0,2
18.7,3.8,320,56,12,9.7,1010.3,1015.6,1,,0,0
5.7,0.5,340,69,6.3,0.4,993.7,1019.6,0,,6,3
11.5,0.8,50,92,12.4,10.2,995.3,1005.5,0,0.02,9,2
13.4,3.7,230,71,10.9,8.2,1012.2,1012.6,0.7,1.42,1,1
2.7,0.4,0,93,6.9,1.6,1010.6,1019.4,,,10,2
-4.4,0.1,0,91,4,-5.6,1008.7,1025.4,0,0.01,0,0
10,2.1,110,44,5.4,-1.7,1004,1008.8,,,6,3
16.1,1.3,290,39,7.1,2.1,1019.4,1025.1,1,,0,0
20.9,1.6,320,71,17.5,15.4,969.9,1006.7,,,8,3
9.1,3,230,74,8.5,4.7,1012.7,1016.1,0,0.08,0,2
0.6,0.8,20,92,5.9,-0.5,1006.2,1011.2,0,0.08,10,4
-6.1,0,0,78,3,-9.3,1028.2,1029.8,,,10,3
21.2,0.1,0,86,21.6,18.7,1006.5,1013.3,0,0.29,10,1
24.4,2.2,290,71,21.6,18.7,1003.2,1011.9,0,0.71,10,3
15.5,1.2,140,69,12.1,9.8,1007.5,1017.2,0.3,,8,3
16.6,2,70,64,12,9.7,1023.4,1024.2,,,0,0
-3.8,2.3,70,75,3.5,-7.5,991,1019.1,,,8,4
28.6,3.6,180,85,33.2,25.8,1010.3,1011.4,0.8,0.6,3,0
20.2,1.3,340,82,19.4,17,994.2,1019.9,,,8,3
25.8,1.7,160,89,29.5,23.8,1002.9,1013.1,,,7,3
12.9,2.6,290,47,7,1.8,1016.1,1016.6,0.2,0.24,5,2
28,4.1,230,82,30.9,24.6,995.6,1004.7,0.2,1.4,8,1
-2.7,2,20,82,4.1,-5.3,997.1,1025.2,0,0.09,9,4
20,2.7,250,82,19.1,16.8,1001.5,1008.5,0,0,9,1
15.8,0.3,0,97,17.4,15.3,997.2,1013.9,,,0,2
8.1,1.3,270,22,2.4,-12.3,1022.9,1023.9,1,0.76,0,0
-3.1,3.5,270,23,1.1,-21.3,1020.6,1025.8,1,0.99,0,0
5.9,2.6,360,48,4.5,-4.2,1018.5,1027.1,0.3,0.25,0,0
15.5,8.3,360,85,14.9,12.9,1010,1019,,,10,1
23.3,1.4,230,57,16.2,14.2,1010.7,1017,1,2.46,0,0
12.3,1.7,290,87,12.4,10.1,1011.9,1016.2,1,0.82,0,2
8.9,3.6,270,84,9.5,6.3,1005.9,1013.3,,,10,2
-0.2,1.7,320,86,5.2,-2.2,1014.4,1023.2,,,10,4
3.1,1,140,82,6.2,0.3,1016.7,1025.4,,,8,2
5.9,2.9,290,47,4.4,-4.5,1014.1,1020.5,,,8,1
20.5,1.4,320,60,14.4,12.4,1012.2,1016.1,1,2.31,7,3
4.5,1.7,20,72,6.1,-0.1,1010.7,1019.4,,,7,2
18.7,1.9,90,21,4.5,-4.1,1011.2,1017,1,2.39,0,0
5.2,0,0,85,7.5,2.8,1009.1,1017.5,,,0,2
32.7,2.2,180,60,29.7,23.9,996.5,1001.7,1,,0,0
20.7,0.5,270,94,22.8,19.6,995.1,1014.2,0,,9,3
5,1.4,20,65,5.7,-1,1015.7,1020.1,,,8,3
29,1.4,90,79,31.5,24.9,1007.6,1013.5,0.2,1.64,8,1
1.6,4,200,63,4.3,-4.6,1009.5,1018,0,0.55,10,4
23.9,1.2,230,75,22.1,19.1,997.3,1007.4,0,0.26,10,3
-1.1,0.8,250,51,2.9,-9.9,1019.3,1025.1,,,0,0
8.2,4.8,320,73,7.9,3.6,1019.3,1027.7,,,5,2
4.5,2.6,90,61,5.2,-2.3,1011.7,1021.8,,,0,0
17.6,1,230,95,19,16.7,995.2,999.4,,,7,2
26.4,3.5,320,85,29.1,23.6,1004,1006.4,,,9,1
23,1.4,90,94,26.3,21.9,1006.9,1011.1,0.2,0.09,4,2
0.6,2.6,320,63,4,-5.6,1018.8,1025.5,,,0,0
12.5,0.9,360,40,5.8,-0.7,1014.4,1018.7,1,1.65,0,0
4.2,4.9,250,42,3.5,-7.6,994.1,1003.3,0.8,1.03,5,4
27.2,1.5,50,96,34.4,26.4,1004.3,1006.6,,,0,0
-0.4,0.7,230,81,4.8,-3.2,997.9,1026.7,,,0,0
24.4,0.6,200,90,27.4,22.6,992.1,998.9,0,0.36,10,1
14.2,1.4,70,77,12.4,10.2,1002.4,1018.3,,,0,0
19.9,3.8,90,85,19.6,17.2,1011,1014.2,0,0.74,10,1
24.2,8.1,180,98,29.5,23.8,999.6,1004.7,0,0.21,10,1
23.2,2.2,340,85,24.1,20.5,984.1,993.8,0,0.34,10,1
8.1,3.8,70,67,7.2,2.3,1009,1020.8,0,,9,3
1.2,0.7,320,85,5.7,-1,1004.7,1016.8,,,0,0
26.5,0.7,250,86,29.7,23.9,1004,1004.9,0.2,0.44,7,3
7.2,0.3,0,61,6.2,0.1,1007.8,1012.1,,,0,0
11.8,0.4,0,90,12.4,10.2,1008.7,1012.7,,,3,0
3.1,2.4,160,92,7,1.9,1012.5,1018.1,0,0.04,2,2
10.7,2.2,270,83,10.6,7.9,1010,1014.8,0,0.33,7,2
7.6,8.7,180,96,9.9,6.9,1005.2,1014.4,0.1,0.08,0,2
30.5,0.8,340,74,32.2,25.3,999.6,1005.3,1,0.93,0,0
17.9,2,340,89,18.2,16,1003.8,1009.1,0,,2,0
5,0.6,290,75,6.5,0.9,1017.8,1028.5,,,0,2
-1.3,0.6,140,56,3.1,-8.9,999.5,1017.3,,,0,0
9.6,4.3,20,32,3.8,-6.3,998.5,1025.4,,,0,0
15.1,3.7,90,75,12.8,10.6,1005.8,1014.1,0,1.05,9,3
11.3,0.4,0,91,12.1,9.8,1007.2,1007.6,,,0,2
14.2,2.8,250,44,7.1,2.1,1009.8,1021.3,1,,3,0
25.3,1.5,360,92,29.5,23.8,1008.7,1014.6,,,9,1
-1.8,5.8,320,24,1.3,-19.7,1020.4,1025.6,,,4,0
23.8,0.6,70,82,24.1,20.5,998.1,1013.4,0,,10,3
8.8,0.1,0,91,10.3,7.4,1019.4,1026.7,,,0,0
19.3,0.3,0,75,16.7,14.7,999.2,1007.9,,,0,0
26.2,0.7,140,78,26.4,22,997.9,1001.2,0.8,1.6,8,3
34.8,2.5,290,54,30,24.1,1002.3,1009,0.9,2.45,3,0
18.9,0.8,90,90,19.6,17.2,1007.4,1015.4,,,10,1
20.3,2.9,50,85,20.1,17.6,1005.3,1015.3,0,0.48,10,1
-3.8,0.2,0,86,4,-5.8,1010.2,1028.4,,,0,2
3.5,0.3,0,93,7.3,2.4,991.4,1021.9,,,0,0
22.9,0,0,92,25.6,21.5,978.4,1004.2,,,9,3
25,1.1,340,63,19.9,17.4,1012,1019.8,1,2.79,5,0
2.8,3.3,250,29,2.2,-13.5,1014.6,1020.7,,,0,0
27.2,1.2,320,93,33.4,25.9,985.3,1001.1,0,0.24,10,1
0.7,0.4,0,97,6.2,0.2,988.9,1027.9,,,0,0
30.5,1.3,270,63,27.4,22.6,986.6,1014,1,,5,0
25.9,1.3,270,64,21.3,18.5,1004.5,1007.7,,,3,0
30.4,2.5,250,71,30.7,24.5,1004.9,1011,1,0.82,3,0
12.6,1.3,250,74,10.7,8,1010.6,1016.5,,,8,3
22.6,0.8,140,76,20.8,18.1,997.5,1015,0,0.4,9,3
23.6,4.5,270,90,26.1,21.8,930,1015,,,6,3
15.7,2.7,20,82,14.6,12.6,1017.6,1019.6,0,,10,3
5.2,3.2,290,67,5.9,-0.4,993.5,1013.7,0,,10,3
24.5,2.6,180,100,30.6,24.4,1005.7,1010.8,0,0.1,10,1
24.6,0.4,0,88,27.1,22.4,1008,1008.3,,,0,2
-3.2,4.4,360,83,4,-5.6,1014.1,1023.1,,,8,4
6.7,2.7,290,45,4.4,-4.4,1019.6,1025.3,1,,2,0
8.4,6.9,270,84,9.2,5.8,1007.7,1015.1,0.3,0.85,10,1
8.8,2.7,270,12,1.4,-19.1,1017,1023.7,0,0.01,5,0
19.6,0.7,290,86,19.5,17.1,1006.9,1012.6,,,4,0
15.5,0.9,230,83,14.6,12.6,1007.7,1016.1,0,0.37,10,2
28.3,1.4,230,34,13,10.9,961.5,1006.2,1,,0,0
8.8,2.4,180,50,5.7,-1,1010.5,1018.9,1,1.13,0,0
-2.8,6.5,50,83,4.2,-5.2,1022.4,1028.2,1,1.85,7,4
5.9,3.8,340,44,4.1,-5.4,1010.1,1012.3,,,2,0
-0.7,6.8,320,29,1.7,-16.5,995.5,1022.1,0.5,,9,3
1.2,0.7,70,88,5.9,-0.5,1001.3,1018,,,8,3
-1.4,0.3,0,93,5.2,-2.3,1006.5,1022.9,0.1,0.12,0,0
27.1,0.3,0,73,26.1,21.8,993.7,995.2,0.7,,6,3
18.3,0,0,99,20.8,18.1,1005.2,1013.2,,,10,1
14.3,0.5,200,35,5.7,-0.9,999.5,1009.6,,,7,3
2.9,3,270,88,6.6,1.1,1026.4,1026.6,,,0,0
10.1,1.5,20,72,8.8,5.2,1018.3,1024.7,,,0,0
20.7,2.2,290,89,21.7,18.8,1012.4,1012.6,,,0,0
16.2,4.9,270,38,7,1.8,1003.4,1012.3,,,0,0
27.7,0.5,270,72,26.6,22.1,1000.2,1005.5,,,7,3
14.6,5.7,250,73,12.1,9.8,1004.7,1007.2,0,0.5,9,3
12.9,0,0,83,12.3,10,1018.7,1020.7,0.5,,0,0
8.2,1.8,340,68,7.4,2.6,1009.3,1019.2,,,10,1
20.4,0.7,270,79,18.9,16.6,1002.4,1007.7,0,,9,3
17.7,2,140,63,12.7,10.5,985.8,1010,0.1,0.61,10,3
7.3,0.1,0,35,3.6,-7.1,1011.2,1017.9,,,0,2
11.7,1.3,200,68,9.3,5.9,1012.1,1020.6,,,8,2
7.3,1.7,180,66,6.7,1.3,1017.9,1018.3,0.1,1.24,9,1
16.9,1.3,270,95,18.2,16,1000.6,1005.8,,,1,2
17.1,2.1,50,41,8,3.7,1015.1,1022.1,0.7,0.46,1,0
10.4,1.9,200,93,11.7,9.3,1007,1015.2,,,0,2
24.1,0.9,160,89,26.6,22.1,974,1009.1,,,6,3
16.8,0.6,110,80,15.3,13.3,928.4,1015.6,0.1,0.06,8,3
10.1,4.3,270,56,6.9,1.7,1010,1019.9,,,10,3
21.4,0.2,0,95,24.1,20.5,1010.1,1014.7,,,4,2
17.9,2.2,250,57,11.6,9.2,1016.3,1023.5,0.9,1.82,1,2
5.8,0.2,0,64,5.9,-0.4,991.9,1022.2,,,10,3
15,2.3,250,32,5.5,-1.5,990.3,1021.6,1,,1,0
12.8,2,250,99,14.6,12.6,999.1,1007.6,,,5,0
26.5,3.7,270,42,14.5,12.5,1002,1004,1,1.4,0,0
28.2,7.7,230,84,32.1,25.2,1003.6,1011.7,,,3,0
4.8,2,290,76,6.5,0.9,1016.7,1020.2,,,0,2
26.1,3.7,290,37,12.4,10.2,998.8,1005.6,1,3.53,0,0
15.2,2.5,200,94,16.2,14.2,995.4,995.9,,,9,2
4.8,0.8,140,80,6.9,1.6,1019.5,1021.3,,,3,0
16.7,3.8,180,32,6.1,0,1018,1018.4,1,1.89,0,0
3.8,2.3,200,76,6.1,0,984.3,1002.6,0,0,4,0
28.6,2.7,20,69,26.9,22.3,1009.4,1011.8,1,3.42,5,0
30.7,2,20,54,23.8,20.3,1009.4,1010.8,1,,1,0
19,3.2,250,43,9.4,6.1,1000.8,1005.5,0.5,,5,0
19.1,0.2,0,57,12.5,10.3,1003.9,1015.1,,,8,3
7.1,1.2,70,50,5,-2.6,1011.1,1029.7,0.8,0.66,6,3
16.9,1.8,20,27,5.2,-2.2,1017.2,1025.3,1,1.52,0,0
17,1.2,90,20,3.9,-6.1,1014.8,1020.2,1,,0,0
10.9,1.6,110,85,11,8.4,1001.3,1007.8,0,0.22,10,1
14.5,1.1,290,39,6.4,0.6,999.9,1020.5,1,,0,0
11,4,290,26,3.4,-7.8,1015,1020.4,1,,0,0
17.3,1.2,340,89,17.5,15.4,998.2,1000.1,,,10,3
22.4,2.4,200,16,4.3,-4.6,962.5,1008.2,1,,5,0
10.5,0.2,0,96,12.1,9.8,1005.2,1025.2,,,2,0
4.3,4.6,270,48,4,-5.7,1016.3,1022.8,1,2.53,3,4
26.5,1.3,110,90,31.1,24.7,997.2,1012.8,,,6,3
-1.5,0.1,0,84,4.6,-3.8,998.3,1020.2,,,8,3
26.3,2.1,290,72,24.6,20.8,977.2,992.9,0.6,1.76,8,3
26.6,1.3,50,86,29.8,24,1007.9,1008.3,0.1,1.15,10,1
11.8,10.9,160,91,12.5,10.3,999.3,1008.3,,,7,2
11.9,4.4,270,16,2.2,-13.1,997.2,1006.9,1,1.47,1,2
19.4,1.8,230,89,20,17.5,1002.2,1005.4,,,8,2
15.7,0.6,160,92,16.3,14.3,1003.7,1021.5,,,0,0
7.9,4.2,230,51,5.4,-1.6,971.8,1020.7,1,,3,0
8.2,1,20,82,8.9,5.3,1000,1003.3,,,0,0
23.2,0.9,160,93,26.3,21.9,999.2,1003.3,0.8,0.25,0,2
-1.1,1.4,270,32,1.8,-15.7,1023.8,1026.1,,,0,0
23.5,5.6,230,96,27.7,22.8,1002.9,1010.5,0,0.42,10,2
6.5,0.4,0,64,6.2,0.1,1007.3,1017.2,,,0,0
12.1,2.8,110,94,13.2,11.1,1002.1,1008.6,0,0.25,10,1
16.3,4.2,290,88,16.3,14.3,994.8,1000.9,0,0.23,9,3
27.4,4.4,250,88,32.1,25.2,999.7,1007.1,0,1.29,8,1
15.7,1.1,320,45,8,3.7,1008.1,1019.6,0.9,1.34,3,0
12.8,2.1,110,81,11.9,9.6,993.7,1000.9,0,0,10,1
5.4,1.5,270,64,5.8,-0.8,1006.8,1018.7,,,0,0
17.9,1.3,230,44,9,5.4,997.6,1005.5,0.5,1.4,5,0
17.8,7.4,250,33,6.7,1.2,1010.9,1018.7,1,1.82,0,0
4.7,0.7,340,90,7.6,3.1,1014.5,1018.9,,,8,2
11.5,1.1,360,93,12.6,10.4,1012.7,1018.5,,,0,0
26.8,2.6,50,48,16.8,14.8,999.2,1007.8,0,0.87,10,3
6.4,2.8,50,61,5.9,-0.5,1009.2,1019.2,0,0.22,9,2
8.5,0.5,20,58,6.4,0.6,1016.2,1021.8,0,,10,3
7,0.5,250,89,8.9,5.3,1008.8,1017.4,,,10,1
-1.1,0.5,90,91,5.2,-2.3,1021.8,1025.7,,,0,0
15.1,0.4,0,78,13.3,11.2,992.8,1013,,,0,0
9.2,2.9,70,70,8.1,4,1020.6,1021.1,0,0.06,2,0
-3.3,2.1,50,53,2.5,-11.5,1019.5,1023.5,,,0,0
16.3,0.4,0,100,18.4,16.2,996.4,1021,,,3,0
25.7,1.9,180,19,6.2,0.3,1001.4,1009.1,1,3.03,0,0
1.3,0.4,0,89,6,-0.3,997.8,1028.8,,,0,0
17.1,1.8,180,65,12.6,10.4,1023.7,1026.2,0,0.5,10,3
12.1,0.8,180,95,13.4,11.3,1005,1010.4,,,2,2
24.8,0.4,0,99,30.9,24.6,1010.9,1015.9,,,0,0
8.8,1.5,290,61,6.9,1.6,1006.9,1018.7,,,5,0
3.1,3.8,20,37,2.8,-10.2,1019.8,1021.6,0,0.82,9,3
24.2,1.4,110,87,26.1,21.8,1005.4,1010.5,,,7,3
15.2,1.8,180,65,11.2,8.6,1008,1008.4,0,0.18,5,0
11.5,5.6,250,65,8.8,5.1,1008.4,1016.4,1,0.83,2,0
3.7,2.1,160,80,6.3,0.5,1012.9,1018.5,0,0.02,7,2
19,1.9,250,80,17.5,15.4,1005.5,1006,0,0.29,9,2
20.5,2.3,320,34,8.1,4,998,1009.1,,,0,0
19.6,1.5,250,78,17.7,15.6,1004.7,1014.7,,,8,2
7.1,3.1,320,52,5.2,-2.1,1019.7,1022.3,0,1.02,9,3
12.9,6.3,340,49,7.3,2.4,1014.6,1020.9,0.7,1.8,3,0
2.7,1,70,97,7.2,2.2,1012,1029.6,0,,5,0
15.2,0.8,20,85,14.6,12.6,1018.2,1026.5,,,0,0
11.1,1.5,200,74,9.7,6.6,1001.9,1010.2,,,10,1
33.3,2.1,320,38,19.4,17,991.9,1000.8,1,,6,3
5.2,7.6,320,84,7.4,2.7,1013.3,1018.9,,,10,1
27.6,0.5,180,84,30.9,24.6,1006.3,1012.1,,,2,0
-6,1.1,250,67,2.6,-11.1,1019.5,1027.2,,,5,4
5.7,0.5,50,95,8.7,4.9,1006.3,1023.7,,,8,3
4.4,10.7,290,53,4.4,-4.3,1006.6,1014.8,0.8,2.77,6,4
21.1,0.4,0,93,23.2,19.9,1007.2,1011.5,0.4,0.1,1,0
11.1,2.1,200,87,11.5,9,1000.8,1004.8,,,0,0
2.9,5,290,42,3.2,-8.7,1012.9,1022.3,1,1.31,4,0
5.7,1.6,290,92,8.4,4.4,1008.8,1017.5,0,0.07,10,2
5.1,2.9,340,37,3.2,-8.4,1007.7,1017.7,,,9,2
-5.5,1.9,20,65,2.6,-11,1017.9,1025.6,,,10,3
-2.2,1.1,250,79,4.1,-5.3,1015.3,1026.3,0.7,0.26,0,2
9.7,1.6,20,84,10.1,7.1,1015,1025.5,,,0,2
23.2,2,50,92,26.1,21.8,1004.4,1013.7,,,9,2
3.7,2.1,20,67,5.4,-1.8,1019.2,1022.7,0,,7,3
24.6,0.4,0,79,24.4,20.7,992.1,1011.8,0,,9,3
24.4,0.7,320,94,28.6,23.3,1009.3,1011.6,,,0,0
21.5,2.1,340,92,23.5,20.1,1005.2,1013.2,,,0,0
24.4,4.4,320,89,27.1,22.4,1003.5,1007.6,0.5,2.46,10,2
19,0.7,290,58,12.7,10.5,1006.9,1010.5,0,0.08,2,0
6.5,2.1,270,84,8.1,3.9,998.7,999.2,,,10,1
-2.8,2.8,20,51,2.5,-11.5,1023,1027,,,5,0
25.9,1.6,20,98,32.6,25.5,1001.9,1007,,,0,2
15,3.7,110,33,5.6,-1.1,1016.7,1020,1,1.39,0,0
2,1.9,180,49,3.5,-7.6,1010.3,1019.7,,,0,0
27.3,1.8,110,75,27.1,22.4,991.3,991.6,0.3,0.6,6,1
-1.1,0.4,0,97,5.5,-1.5,1009.2,1021.4,,,10,4
16.2,2.9,340,40,7.3,2.5,1008.7,1013.1,1,3.15,0,0
13.4,0.2,0,88,13.5,11.4,1010.5,1012,,,0,0
18,2.4,200,82,16.8,14.8,991.9,1003,0,0,10,1
12.6,1.4,20,87,12.6,10.4,1017.9,1023.3,,,0,2
16.3,4.1,250,70,12.9,10.8,1001.6,1007.7,1,1.87,3,0
33.8,3,110,46,24.1,20.5,1005.7,1008.8,1,3.29,2,0
25.9,0.8,90,85,28.3,23.1,997.3,1005.2,0,0.08,9,2
25.9,4.2,180,96,32.1,25.2,1006.8,1015.4,,,2,2
7.3,0.2,0,68,6.9,1.7,1026.9,1028.9,,,0,0
22,2.8,50,95,25,21.1,996.6,1004.4,0,0,10,1
18,0.7,90,52,10.6,7.9,1010.9,1016.5,0.6,,7,3
25,1.9,140,92,29.1,23.6,1000.3,1005.4,,,10,3
19.7,2,110,97,22.2,19.2,990.9,995,0,1.5,10,2
,0.6,70,85,,,1019.1,,,,5,0
7,2.5,50,82,8.2,4.1,1015,1025,0,0.57,10,1
4.6,2.2,140,57,4.8,-3.2,994.4,1020.4,1,,0,0
17.9,3.7,230,53,10.8,8.1,989.9,999.8,0.6,0.97,7,2
22.5,0.6,140,70,19,16.7,1009.8,1021,0.4,1.95,8,3
-15.6,0.1,0,73,1.3,-19.3,987.5,1030.7,,,10,3
6.6,1.7,270,75,7.3,2.4,1008,1015.2,0,0.02,8,1
1,0.7,250,77,5.1,-2.5,1016.3,1022,,,10,1
10.9,5.4,290,46,6,-0.2,1008.9,1018.7,1,1.68,2,2
22.6,2.9,50,86,23.5,20.1,1014.4,1014.7,0,0.5,10,1
29.2,1.2,250,69,27.9,22.9,1004.8,1010.3,,,5,0
11.6,6.8,340,72,9.8,6.7,1009.7,1017.7,,,0,2
28.9,4.5,250,81,32.2,25.3,1000.9,1003.2,,,8,1
25.2,1,290,95,30.4,24.3,985.2,1001.1,0,0,10,1
6,3.1,290,61,5.7,-0.9,1026.6,1031.6,1,1.17,0,0
7.8,1.3,180,33,3.5,-7.5,1015.7,1025.6,1,,0,0
21.2,1.1,110,69,17.3,15.2,1008.3,1008.6,0,0.13,10,1
2.9,0.7,320,39,2.9,-9.7,1018.3,1025.2,,,9,3
14.9,2.3,340,92,15.6,13.6,1003.4,1021.9,,,0,0
5.8,5,270,60,5.6,-1.3,1018.5,1027.4,,,9,3
9.5,1.6,250,53,6.2,0.3,1004.2,1012.7,0,0.78,0,2
8.8,0.7,250,71,8,3.8,1013,1018.6,0,,0,0
20.5,7.6,250,38,9.1,5.6,1007.6,1010,1,2.04,0,0
2.4,5.2,360,62,4.5,-4.1,1024.7,1025.9,0.9,,6,3
4,2.6,270,80,6.5,0.8,1025.7,1025.9,,,0,0
18.2,3.2,50,93,19.4,17,997.1,1007.1,,,8,1
30.5,1.3,250,70,30.4,24.3,993,1000.5,0,0.61,10,3
11.5,4.8,290,69,9.3,6,1012.9,1020.2,0.2,0.63,6,2
24.9,2.3,230,96,30.2,24.2,1006.4,1014,,,10,2
13.5,1.1,250,90,13.8,11.8,1002.9,1007.1,,,4,2
12.5,2.9,50,66,9.5,6.3,1020.9,1027.2,,,8,1
19.1,7.9,250,43,9.5,6.2,995.7,1003.3,1,1.6,0,0
21.3,3.3,320,17,4.3,-4.7,982.6,1010.9,1,,0,0
0.2,1.8,20,39,2.4,-12.1,1012.5,1022.8,,,5,0
17.4,3.3,270,66,13,10.9,1004.1,1010.2,1,2.48,3,0
7.6,3.6,250,64,6.7,1.2,1015.5,1024.8,0,0.01,9,3
-4.1,4.7,340,44,2,-14.5,1020.1,1024.8,,,0,0
11.6,0.9,20,66,9,5.4,1013.3,1019.6,,,10,3
17.4,0.6,270,60,11.9,9.5,1011.1,1012.1,0.2,0.89,9,3
25.7,2.6,180,92,30.2,24.2,1002.6,1006.7,0,0.02,1,2
20.1,0.9,200,79,18.5,16.3,997.8,1005.9,0,0.33,10,1
21.7,0,0,96,24.9,21,999.1,1002.2,,,0,0
27.3,2.1,160,88,31.9,25.1,998,1006.5,0.7,1.57,10,2
11.5,0.4,0,81,10.9,8.3,993.7,1003.4,,,0,2
21.9,7.3,20,85,22.2,19.2,1003.5,1012.2,0,0.28,9,3
23.3,0.2,0,96,27.4,22.6,1012.4,1015.8,0,0.05,10,3
23.3,0.1,0,97,27.6,22.7,996.8,1006.1,,,0,0
2.5,0.7,320,92,6.7,1.3,1006.8,1018,,,9,3
21.5,1.9,70,96,24.6,20.8,999.3,1005.5,,,10,2
26,0.3,0,93,31.1,24.7,1002.4,1005.7,0,0.09,7,3
11,1.3,320,95,12.4,10.2,1005.7,1010.5,,,6,3
28.4,1.3,250,54,20.8,18.1,1009.6,1015,1,,5,0
25.2,0.2,0,85,27.1,22.4,987.7,1003.5,,,10,3
31.7,2.7,160,40,18.6,16.4,966,1001.3,1,,4,0
22.2,2.1,20,95,25.3,21.3,1001.2,1010.5,,,6,2
23.9,2,50,79,23.4,20,1011.1,1014.3,0,0.09,10,1
7.3,0.4,0,82,8.4,4.4,1011.8,1012.8,,,8,3
6.4,0.8,290,86,8.2,4.2,1015.6,1021.7,,,10,3
25.2,1.8,110,57,18.2,16,1006.3,1011.4,,,1,0
13.8,0.3,0,85,13.4,11.3,1005.8,1010.6,,,0,0
11.1,4.2,320,70,9.2,5.8,1004.1,1008.4,1,3.21,0,2
17.1,2.7,270,53,10.3,7.4,1004.2,1014.8,0.9,2.6,0,0
-2.1,0.1,0,84,4.4,-4.4,1003.9,1021.7,,,9,3
27.1,2.1,140,64,22.8,19.6,1008.7,1012.9,0.8,1.75,8,3
18.5,0.3,0,94,20,17.5,1006,1015.5,0,0.01,9,3
29.2,0.4,0,65,26.3,21.9,1003.7,1009.4,0,0.41,10,3
27.5,0.9,230,77,28.1,23,1005.4,1011.3,,,7,3
-3.4,1,270,88,4.2,-5.1,1022.5,1027.7,,,0,2
25.9,0.5,290,76,25.3,21.3,994.2,1000.8,0,0.14,10,1
12.8,3.5,140,97,14.3,12.3,1013.4,1017.7,0,0.42,10,2
25,0,0,96,30.4,24.3,999.6,1010.5,0,0,4,2
26.2,0,0,96,32.6,25.5,1007.7,1015.2,0.1,0.93,9,1
15.9,0.4,0,74,13.3,11.2,1001.9,1010.2,,,7,1
15.2,1,90,95,16.3,14.3,1009.4,1014.1,0,0.03,0,2
8.8,9.1,320,58,6.5,0.9,1016.2,1018.8,,,10,1
24.6,1.1,320,73,22.5,19.4,1003,1009.7,0,0.66,10,2
25.8,2.9,200,92,30.4,24.3,1004.6,1008.7,,,5,2
18.1,10.3,230,85,17.6,15.5,1000.6,1008.7,0,0.42,10,1
-13.7,0.5,270,81,1.7,-16.2,996.8,1028.7,,,10,3
28.4,0.3,0,67,25.8,21.6,1006.1,1009.4,1,1.86,2,0
23.9,0.8,200,91,26.9,22.3,1003.2,1008.6,,,7,3
21.2,0,0,100,25,21.1,975.9,1012.9,,,9,3
11.3,4.9,340,76,10.2,7.2,1006,1015.1,1,1.52,0,2
-1.2,0.1,0,87,4.9,-3,1023.9,1027.8,,,3,0
11.8,2.1,70,90,12.4,10.2,1006.7,1010,,,0,2
26.5,0.6,200,88,30.4,24.3,997.4,1002,,,0,0
5.1,2.3,110,35,3.1,-9.1,1017.7,1022.1,1,2.07,0,0
27.6,1.4,360,79,29.1,23.6,1008.6,1016.4,0,1.09,10,3
19.6,4,50,59,13.4,11.3,1008.4,1010.8,0.9,2.63,7,3
24.8,3.7,200,33,10.3,7.4,993.3,1001.2,1,2.72,0,2
30.1,2.7,230,69,29.3,23.7,986.6,1013.3,0.4,1.89,8,3
18.2,3.2,140,50,10.4,7.5,980.9,1005,0.7,1.4,7,3
8,0.3,0,100,10.6,7.9,997,1029.4,,,5,0
7.8,0,0,85,9,5.4,1016.6,1020,,,10,2
13,1.3,200,100,14.9,12.9,1022.9,1027.8,,,0,0
-1,0,0,92,5.2,-2.1,1020.2,1024,,,0,0
7.8,1.9,70,66,7,1.8,1015,1025,,,9,3
-5.3,0.8,200,77,3.2,-8.7,1010.8,1025.7,,,10,3
4.9,2.6,320,15,1.3,-19.6,1024.8,1025.6,0.5,0.35,6,3
-2.6,0.3,0,66,3.3,-8,992.6,1020.6,,,8,4
8.8,0.7,180,78,8.8,5.1,1012.8,1018.6,,,4,0
2,0.5,20,75,5.3,-1.9,1013,1020.6,,,10,1
25.6,3.4,180,94,30.7,24.5,1007.5,1012.6,0.2,0.27,0,2
18.1,2.8,160,89,18.4,16.2,1000.1,1008.9,0.1,1.6,9,2
20.7,1.1,360,61,14.9,12.9,1019.6,1023.1,0.9,1.01,4,0
6.2,0.4,0,99,9.3,6,1007.2,1026,,,0,0
24.3,3.6,140,60,18.2,16,1011.6,1019.4,0.2,1.39,8,3
-2.2,0.8,90,75,3.9,-6,1029.4,1031,,,2,0
16.7,2.5,250,42,8,3.7,990.4,1006.8,0.7,,0,0
-0.4,2.7,250,73,4.3,-4.6,1017.2,1023.4,,,0,0
1.8,9,290,93,6.4,0.7,978.3,1005.4,,,10,4
3.5,1.9,140,57,4.5,-4.2,1017.1,1024.7,0,0.15,9,3
16.7,2.5,20,97,18.4,16.2,1011.8,1016.6,0,,10,3
26.6,0.7,250,98,34,26.2,1004.3,1009.4,0,0.25,10,1
3.4,3.2,270,79,6.1,0,991.6,1018.9,0,0.04,8,4
19.8,2,230,62,14.3,12.3,992.8,1020.8,1,1.59,7,3
13.8,1.3,320,85,13.4,11.3,1009,1011.1,,,10,3
17.4,2.2,50,85,16.8,14.8,999,999.5,,,10,1
2.7,1.5,50,88,6.5,0.9,1016.6,1021.6,,,10,1
-6.1,0.9,360,83,3.2,-8.5,1015.2,1024.3,,,1,4
1.5,0.3,0,99,6.7,1.3,1013.2,1023.5,,,0,0
-2.5,1,20,74,3.8,-6.5,1020.6,1026.8,,,3,0
24.2,0.1,0,90,27.1,22.4,976.8,1003.8,,,8,3
-1.6,1.1,360,70,3.8,-6.3,1021.6,1023.4,,,0,0
17.7,1.3,90,78,15.8,13.8,1017.3,1020.9,0,0.07,9,3
22.9,4,110,90,25,21.1,998.5,1006.5,0,0.08,10,1
8.3,1.2,290,64,7,1.8,1006,1013.2,,,0,2
-1.7,0.5,290,81,4.4,-4.5,986.2,1027.1,,,6,3
-2.7,0,0,54,2.7,-10.7,1007.2,1025.1,,,0,0
-9.5,2.4,20,80,2.4,-12.3,1018.8,1027.8,,,5,4
24.2,0.5,90,80,24.1,20.5,998.7,1005.4,,,10,3
8.8,6,70,70,7.9,3.6,1021.5,1022,0,0.04,10,1
22.3,6.2,180,98,26.3,21.9,1005.2,1013.9,0,0.42,10,2
26.6,2.1,140,52,18.1,15.9,1002.4,1008,0.6,2.29,6,3
2.7,0.2,0,80,5.9,-0.4,1014.1,1028.7,,,0,0
15,3.5,110,56,9.5,6.2,1002,1004.1,1,1.53,8,3
8.5,0.1,0,96,10.6,7.8,1006,1026.2,0.5,,6,3
-8.9,0.3,0,86,2.7,-10.8,1026.2,1029.9,0,,9,3
6.6,2,250,35,3.4,-7.8,994.8,1024.8,1,0.31,0,0
24.9,1.7,320,92,28.9,23.5,982.3,1009.4,0,0.41,10,3
16.1,0.7,270,99,18.1,15.9,989.4,1017.7,,,4,0
27.6,1.7,180,72,26.4,22,1009.9,1012.3,,,3,0
-7.8,0.7,20,59,2,-14.4,995.6,1027.6,,,10,3
-5.1,4.7,360,73,3.1,-9.1,1020.4,1025.1,0,0.39,10,4
-4,1.1,270,78,3.6,-7.2,1019.1,1026.7,,,10,4
8.8,2.2,270,72,8.1,4,993.5,996.7,0,,10,3
3.2,3.7,160,86,6.6,1,1012.2,1016.7,0.1,0.18,0,2
29.4,2.4,200,78,31.9,25.1,1003.5,1012,0.1,1.59,9,1
8.4,5.8,340,97,10.6,7.9,1009.1,1018.3,,,10,2
23.4,3.5,70,95,27.2,22.5,1015.7,1018.1,0,,10,3
18.2,1.2,70,68,14.1,12.1,1005,1010.9,,,10,3
32.3,0.3,0,53,25.5,21.4,1001.9,1003.4,1,,6,3
-4,0.4,0,79,3.6,-7.1,994.7,1026.2,,,0,0
12.4,4.7,140,81,11.6,9.2,999.1,1004.4,1,1.14,0,2
5.4,2.5,140,55,4.9,-2.9,1016.4,1020.9,1,1.02,5,0
17.6,7.9,180,90,18.1,15.9,1000.1,1008.9,0.3,0.13,7,3
14,1.1,140,89,14.2,12.2,1004,1007.5,0,0.05,10,3
27.4,0.1,0,65,23.7,20.2,1003.6,1008.2,,,8,3
-4.2,1.8,20,55,2.5,-11.9,1023.7,1025.3,,,10,3
12.2,1.5,290,29,4.1,-5.3,1016.3,1020,0,1.27,10,3
7,1,320,84,8.4,4.4,1015.1,1019.4,,,10,1
10.7,6.1,340,62,8,3.7,1018.2,1020.7,,,10,1
12,7.7,290,82,11.5,9,1010.3,1015.7,,,10,2
4,1,140,54,4.4,-4.4,1018.9,1026.3,0.5,1.4,8,3
13.1,0.6,70,93,13.9,11.9,1001.7,1018.6,,,0,2
10.2,0.9,320,75,9.3,5.9,1001.1,1010.2,0,0.43,9,3
15.1,0.9,250,67,11.5,9,1009.3,1011.2,0.1,,6,3
9.5,1.5,160,90,10.6,7.9,992.1,1010.7,,,0,0
25,0.7,320,88,27.7,22.8,992.3,1007,,,4,0
13.2,0.8,270,64,9.7,6.5,999.9,1005.2,,,0,0
-9.7,0.9,90,51,1.5,-17.9,1016.2,1031.5,,,0,0
5.9,0,0,82,7.6,3,1013.3,1022,0.1,0.14,0,2
21,1.3,250,53,13.1,11,993.2,1004.3,0.6,0.27,3,0
21.7,2.2,180,72,18.6,16.4,983.4,1013.7,1,,1,0
13.1,3.3,50,55,8.2,4.2,1013.8,1017.6,1,1.91,0,0
5,0.4,0,87,7.6,3,1007.4,1024.6,,,10,3
1.1,5.9,340,53,3.5,-7.4,1025.3,1028,,,9,4
23.3,0.7,110,92,26.3,21.9,1002.5,1009.4,,,10,1
18.3,2.3,140,87,18.2,16,1000.5,1008.2,0,0.78,10,2
26.2,0.1,0,91,30.9,24.6,1008,1008.3,,,9,2
0.7,0.6,200,79,5.1,-2.5,1019.2,1022.6,,,2,0
17.6,1.3,70,38,7.6,3,1018,1024.2,1,1.14,0,0
24.9,4,200,93,29.1,23.6,998.6,1001.7,,,10,1
13.1,0.8,200,36,5.4,-1.6,993.1,1018.3,0,,7,3
18.7,1.5,340,91,19.5,17.1,998.4,1009.6,0,0.81,10,1
14.1,0.2,0,98,15.7,13.7,1009.2,1020.7,,,3,2
-0.2,0.4,0,95,5.7,-0.9,984.6,1025.2,,,0,0
14.1,5.5,290,82,13.1,11,998.2,1006,0,0.23,10,1
22.4,0.2,0,98,26.4,22,976.9,1013.8,,,0,0
17.2,2.6,110,86,16.8,14.8,1000.5,1006.9,,,8,2
12.8,1.7,180,42,6.2,0.1,1013.6,1016.1,,,3,0
2.5,0.7,200,65,4.8,-3.4,1016.4,1024.9,0.8,0.82,7,2
23,10.2,340,81,22.7,19.5,1002.5,1011.1,0,0.48,10,1
10.7,0.3,0,60,7.7,3.2,1002.5,1006.5,,,10,3
-0.6,0,0,96,5.6,-1.1,1010.9,1019.5,,,10,2
26.7,1.6,230,93,32.4,25.4,1008.6,1012.1,,,7,3
-5.1,3.2,50,57,2.4,-12.3,1024.1,1030.9,0.7,0.38,0,0
13.7,3,200,49,7.6,3.1,1017.3,1023.6,1,1.74,6,3
15.5,1.6,20,19,3.3,-8,1013.2,1022.8,1,,2,0
24.5,1,180,98,30,24.1,997.7,1006.3,0,0.03,10,1
6.2,3.4,290,30,2.8,-10.1,1022.7,1023.2,1,1.52,0,0
18,2,360,85,17.5,15.4,1004.5,1009.8,0,,9,3
14.8,2.8,270,39,6.5,0.9,1000,1008,1,1.65,0,2
6.1,0.8,360,80,7.5,2.9,1013.2,1021.9,,,0,2
16.3,1,290,53,9.7,6.6,1020,1021.2,0.6,1.09,7,3
28.1,4.9,200,82,31.1,24.7,998.6,1007,0.3,0.39,4,1
33.4,2.2,140,57,29.3,23.7,999,1006.5,0.4,0.52,3,0
-10.1,0.6,320,68,1.9,-14.8,1007.1,1026.9,,,10,3
17.9,7.3,200,94,19.2,16.9,1007.3,1015.7,,,7,3
6.2,1.9,250,91,8.6,4.8,1015.6,1020.5,,,6,2
15,1.6,200,36,6.1,0,1000.7,1008.7,1,1.98,0,0
26.9,1.4,180,94,33.2,25.8,1002.8,1010.6,,,3,0
-2.6,2,110,77,3.9,-6,1019.3,1025.1,,,0,0
0.8,13.3,360,74,4.8,-3.3,1018.9,1028.5,0.2,0.82,9,4
4.9,2.2,50,38,3.3,-8.2,1022.4,1023.2,,,8,3
24.5,0.4,0,99,30.4,24.3,997.6,1013.4,,,0,0
3.9,2.4,320,45,3.6,-6.9,1017.7,1024.2,,,7,4
10.7,2.9,290,22,2.8,-10.2,1015.9,1019.3,1,1.56,3,0
32.5,3.4,230,59,28.8,23.4,1001,1009.4,0,0.34,7,3
22.4,3.9,160,80,21.6,18.7,1001.4,1010,0.9,2.89,10,2
-0.3,2.8,20,68,4.1,-5.4,1017.5,1026.5,,,8,4
31.5,2.4,90,63,28.9,23.5,1010.8,1011.2,1,3.01,6,3
14,0.8,180,74,11.8,9.4,1003.2,1019.2,0.8,,2,0
24,5.8,250,94,27.9,22.9,1009.7,1014.8,0,0.15,10,1
19.1,3.8,70,90,19.9,17.4,1013.6,1014,0,0.05,10,1
10.4,3.3,320,59,7.4,2.7,999.5,1015.1,,,0,0
6.2,2.8,290,74,7,1.9,997.4,1002.9,,,0,0
-4.3,0.6,90,55,2.4,-12,1011.4,1028.6,,,0,0
3.6,1.2,360,70,5.6,-1.3,1017.8,1022.2,,,7,3
33.1,1.3,230,58,29.3,23.7,1010.3,1014.5,0.7,2.71,7,3
24.5,4.5,70,81,24.9,21,1007.1,1009.5,0,0.12,10,1
10.1,3.4,250,63,7.7,3.3,1009.9,1013.3,1,0.89,0,2
21.5,2.1,340,94,24,20.4,1001.2,1009,0,0.67,10,1
14.6,1.5,20,38,6.3,0.4,1022.1,1028.4,1,2.59,0,0
22.4,2.1,50,69,18.6,16.4,1004.1,1004.6,0,1.32,9,2
11.1,3.5,290,76,10,7,1012.8,1020.1,,,5,2
20.9,0.4,0,89,22,19,963.2,1009.2,,,3,0
13.2,5.2,70,37,5.6,-1.1,1012.7,1020.6,0.8,1.89,8,3
27.1,1,320,63,22.5,19.4,993.4,1010.3,,,0,0
27.2,7.7,230,86,30.9,24.6,978.1,1002.7,0,0.04,9,3
12.7,1.7,180,90,13.1,11,1004.8,1010.2,,,0,2
21,1,50,61,15.1,13.1,983.5,1011.6,,,1,0
-3.7,1.7,270,21,1,-22.9,1016,1025,,,0,0
13.7,0.3,0,80,12.5,10.3,1020.9,1025.3,0.8,0.62,2,2
4.2,0.9,70,80,6.6,1,1011.8,1017.8,,,9,3
13.9,3,250,20,3.2,-8.7,996.4,1014.2,0.8,0.29,0,0
22,1.6,110,96,25.3,21.3,997.3,1007.1,,,10,1
10.1,1.2,250,58,7.1,2.1,1014.5,1020.8,0.1,0.16,6,3
4.1,0.8,70,71,5.8,-0.6,1004.3,1020.9,,,9,3
2,5.3,70,55,3.9,-6.1,989.3,1016.7,,,8,4
0.3,4.9,290,73,4.6,-3.9,990.5,1016.9,,,6,3
7.7,4.5,320,77,8.1,3.9,1009.8,1012.3,,,10,1
30.6,2.5,250,68,29.8,24,994.4,1003.9,0.5,2.55,9,3
22,0.9,110,98,25.8,21.6,1008.4,1016.3,,,10,1
9.3,2.4,180,56,6.5,0.9,1014.3,1024.3,0.3,1.05,6,3
-4.1,3.8,320,20,0.9,-23.7,1015.7,1022.7,,,0,0
26.4,1,160,93,31.9,25.1,1005.8,1011.8,,,0,0
26.7,2.2,250,85,29.7,23.9,1006.7,1014.2,,,0,0
4.2,10.9,340,70,5.8,-0.7,1018,1027.4,,,10,1
5.6,5,50,80,7.3,2.4,1012.1,1022.7,0,0.06,10,1
4,1.2,360,85,6.9,1.7,1014.2,1021,,,9,2
22.4,2.5,290,47,12.7,10.5,1015.3,1022.3,1,1.41,2,0
31,1.1,360,59,26.4,22,1000,1014.5,1,3.22,0,0
0.9,0.9,270,70,4.6,-3.9,1017.9,1022.2,,,2,0
14,5.2,360,40,6.3,0.5,1014.9,1021.2,1,1.31,2,0
6.2,1.9,140,72,6.8,1.5,1011.8,1017.3,0,0.22,10,3
13.9,1.8,250,76,12,9.7,993.1,1009.7,,,8,3
1.1,0.7,230,98,6.5,0.8,1014.4,1019.4,,,10,2
23.3,1,90,77,22,19,999.6,1009.7,0,0.77,10,3
-8.9,5.9,360,69,2.2,-13.5,1025.7,1030.5,,,10,4
30.8,2,320,71,31.5,24.9,1004.1,1005.5,0.2,,4,0
8.8,1.1,320,95,10.7,8,990.7,1030.2,,,9,3
23,0.6,200,88,24.6,20.8,977,1012.4,,,10,3
3.8,0.2,0,91,7.3,2.4,989,1019.4,,,10,3
10.4,1.9,180,88,11,8.4,1011,1014.4,,,0,2
21.6,1.6,230,92,23.7,20.2,990.5,995,0,0.4,10,1
12,1.2,50,75,10.4,7.6,1010.9,1017.4,,,0,0
13.6,0.4,0,68,10.5,7.7,993.6,1003.2,,,0,2
25.7,1.5,320,82,26.9,22.3,993.1,1009.1,,,9,3
21,1.2,230,98,24.3,20.6,1002.4,1010.3,0,0.23,10,1
-9.9,1.6,290,68,2,-14.7,1017.5,1027.5,,,0,0
14.5,2.6,290,18,3,-9.5,1003.2,1010.2,0,0,8,3
12.3,1.6,290,96,13.7,11.6,1014.2,1018.6,,,4,2
-1.8,4.6,290,80,4.3,-4.8,1013.4,1021.1,,,9,4
33.1,1.8,290,47,23.7,20.2,1002.8,1008.8,0.5,2.3,6,3
16,5.8,320,20,3.6,-6.9,995.3,1014.7,1,,0,0
18.8,0.9,200,94,20.4,17.8,998.2,1006,,,10,1
28.5,1.5,270,67,26,21.7,1005.6,1008.7,,,0,0
27.8,2,90,68,25.3,21.3,1011.4,1011.7,,,8,3
25.6,2.4,180,91,29.8,24,1004.8,1015.7,0,0.36,10,1
13.6,6.2,340,63,9.7,6.6,1009.7,1017.6,,,0,2
7,2.2,340,43,4.3,-4.7,1017.7,1024.1,0.5,0.76,6,1
18.9,3.5,340,46,10,7,1021.9,1023.1,1,2.1,4,0
12.7,3,360,78,11.4,8.9,1003,1007.2,0.3,0.31,0,0
22.6,0.4,0,69,18.9,16.6,993.1,1016.3,0.7,,6,3
5.2,3,20,83,7.3,2.5,1020.6,1025.6,0.1,1.02,8,3
0.6,1.5,200,66,4.2,-5,1020.5,1027.2,0,0.01,8,3
23.2,0.2,0,74,21,18.3,999.1,1012.4,,,0,0
2,0.8,70,91,6.4,0.6,991.3,1000.6,,,2,0
29.1,5.5,230,70,28.1,23,1004.7,1007,,,5,1
29.7,2.6,70,79,32.8,25.6,1004.2,1007.3,1,1.69,0,2
25.7,5.2,200,90,29.7,23.9,1006.5,1010.6,,,4,2
6.6,0.5,50,54,5.3,-2,1010.8,1027.3,,,10,3
22.1,3.6,20,72,19.1,16.8,985,1008,0,,9,3
0.7,2.4,270,78,5,-2.7,1017.9,1024,,,2,0
22.3,1.3,110,92,24.7,20.9,997.7,1002.3,,,10,1
31.3,1.6,200,53,24.1,20.5,978.4,1012.8,0.6,,8,3
2.6,5.8,360,67,4.9,-2.9,1021.7,1026.3,,,0,2
15.1,4.3,180,49,8.4,4.4,1016.4,1016.8,0.6,0.57,7,3
20.3,2.2,50,85,20.1,17.6,1005.1,1013,0,0.62,10,3
23.9,1.4,160,89,26.3,21.9,995.1,1002.9,,,0,0
20.9,2.6,270,52,12.8,10.6,1008.2,1012.8,0.7,0.39,1,0
2.6,4.4,360,64,4.7,-3.5,1025.7,1028.3,,,9,4
13.5,1.7,320,55,8.5,4.6,1006.1,1015.8,0,0.01,0,0
-6,0.2,0,80,3.1,-8.8,1022.7,1033.8,1,,0,0
25.4,1.6,230,65,21,18.3,993.8,999.1,0.4,,2,0
-12,0.3,0,67,1.6,-16.8,1015.9,1026.6,,,0,0
7.3,2.6,70,65,6.6,1.1,1021.3,1026.4,,,9,3
19.6,3,90,70,15.9,13.9,990.5,1018.9,,,9,3
7.9,2.6,90,64,6.8,1.4,1002.3,1023.1,,,10,3
25.5,0,0,92,29.8,24,996.1,1015.7,,,5,0
17.9,3.3,90,99,20.2,17.7,1007.7,1015.8,,,10,1
10,2.9,200,45,5.5,-1.4,1004.9,1015.3,0,0.01,0,2
20.5,2.2,70,82,19.7,17.3,1010.6,1020.1,0.1,,9,3
20.7,2.9,90,86,20.9,18.2,1003.5,1006.7,,,9,3
0.8,2.6,70,47,3,-9.2,1017.1,1028,,,6,3
13.6,2.4,70,57,8.8,5.2,1024.1,1027.5,0,0.99,9,3
-2.9,2,290,58,2.9,-10,1018.3,1027.2,0.3,1.13,9,3
25.4,0.3,0,90,29.1,23.6,998.6,1009.6,,,0,0
23.8,1.1,320,68,20,17.5,1001.8,1008.7,,,9,3
12,0.6,90,83,11.6,9.1,1019.6,1026.2,0,0.86,9,2
5.3,0.2,0,79,7,1.9,996.7,1007.7,,,0,0
8.2,0.1,0,95,10.3,7.4,1008.9,1018.8,,,0,2
19,7.8,160,97,21.3,18.5,992.5,1001.2,0,0.7,10,2
25.7,5.4,230,74,24.4,20.7,1000.3,1001.4,1,,1,0
26.5,1.3,110,66,22.8,19.6,990.8,1006.7,0,1.34,9,3
23.3,6,230,42,11.9,9.6,1011.9,1017.1,1,3.09,8,3
6.2,0.8,180,51,4.8,-3.2,1022.9,1025.5,0,0,7,3
28.3,8.5,250,14,5.4,-1.7,998.5,1000.8,1,2.58,0,2
-3,0,0,97,4.8,-3.4,1023.5,1025.6,,,0,0
30,7.2,50,68,28.8,23.4,1007.7,1010,0.8,2.46,6,1
5.4,0.4,0,97,8.7,4.9,1004.7,1022.2,0,0,10,2
14.9,0.5,290,91,15.4,13.4,1007.2,1017.7,,,5,0
29.3,2,160,66,26.8,22.2,1006.3,1010.9,1,,0,0
4.2,1.2,200,72,5.9,-0.4,1019.6,1024.1,,,9,3
7.1,6.2,50,81,8.1,4,1013.7,1014.9,0,0.43,10,3
27.6,0.4,0,80,29.5,23.8,1013,1013.9,,,0,0
-0.5,0.1,0,91,5.4,-1.7,1005.6,1024.9,,,0,0
16.9,0.2,0,94,18.1,15.9,1014.4,1019.1,0.1,0.04,1,2
32.1,1.2,20,64,30.6,24.4,995.9,1001.2,0.7,,8,3
13.5,2.6,270,38,5.9,-0.5,999.4,1006.4,0.4,2.51,7,3
23.8,1.1,340,92,27.1,22.4,999.7,1002.9,0,0.34,10,1
25.8,0.8,90,80,26.4,22,1002.1,1003.2,,,10,3
7.1,0.2,0,96,9.7,6.5,994.2,1018.8,,,9,3
14.7,1.3,200,53,8.8,5.2,1010,1019.6,,,0,0
27.2,2.2,90,71,25.5,21.4,1003.9,1013.9,0.6,0.56,6,3
23.9,3.6,180,15,4.4,-4.3,971.3,1006.3,1,,0,0
2.4,0,0,87,6.3,0.4,1028.9,1029.3,,,0,0
19.2,2.2,290,51,11.3,8.8,1015.3,1021.3,0.2,0.25,3,0
12,1.1,230,65,9.1,5.6,1011.2,1014.4,,,0,0
21,0.1,0,87,21.6,18.7,1009.6,1016,0.8,0.4,0,0
2.7,0.8,290,77,5.7,-0.9,995.9,1024.3,,,0,0
12.9,0.9,20,55,8.1,4,1010.5,1016.7,0.9,0.31,0,0
4.3,0.3,0,46,3.8,-6.3,1015.5,1025.7,0,0.01,7,3
2.7,1.6,230,92,6.8,1.5,1020.7,1029.4,,,0,2
21.1,2.6,70,54,13.5,11.4,1008.9,1014.2,1,,6,3
10.5,0.3,0,55,7,1.8,999.8,1007.1,,,0,2
10.8,6.3,290,49,6.3,0.4,1002.3,1019,0.7,,0,0
-3.1,4.9,320,62,3,-9.3,1023.4,1025.5,,,10,3
30.3,1,250,43,18.5,16.3,993.7,1010.4,1,2.59,0,0
24.9,1.3,180,87,27.2,22.5,996,1003.5,0,0.01,7,3
-2.6,5.7,360,62,3.1,-8.8,1013.5,1021.9,,,8,4
26.9,3.9,180,85,30,24.1,1006.1,1010.2,0.3,0.81,8,3
26.8,1.3,360,77,27.1,22.4,1001.5,1006.6,0.7,,7,3
-4.5,0.1,0,90,4,-5.8,1024.5,1026.2,,,4,0
16.3,5.4,180,66,12.2,9.9,1000.7,1006,0,0.15,10,1
5,1.5,50,76,6.6,1.1,994.9,1019.8,,,10,3
28.3,0.6,180,81,31.1,24.7,1010.6,1013.9,0,0,7,3
11.2,0.7,70,79,10.4,7.6,1004.7,1012.6,,,9,2
-3.6,1.1,270,34,1.6,-17.2,1024.7,1030.8,,,0,0
7.1,1.3,50,82,8.2,4.2,990.2,1020.3,,,2,0
21,4.4,250,48,11.9,9.5,1002.8,1006.3,1,2.32,7,3
12,0.9,50,74,10.4,7.5,1018.2,1025.3,0,0.16,9,3
4.1,0.2,0,78,6.4,0.6,1016.1,1023.4,0,0.66,9,1
3.1,4.3,320,17,1.3,-19.6,1003.5,1024.1,1,,0,0
33,3,160,63,31.7,25,1003.5,1007.6,1,2.83,4,0
-1.6,0.8,320,81,4.4,-4.4,1017.2,1025.9,,,9,2
-1.8,0.9,20,39,2.1,-13.9,1020.1,1023.9,,,0,0
-1.7,3.1,270,85,4.6,-3.8,1013.1,1024,,,10,4
27.1,1.2,340,84,30,24.1,1001.8,1006,0,0.09,0,0
8.9,0.1,0,35,4,-5.7,1013.8,1021,,,0,0
10.1,1.8,50,63,7.7,3.3,1019.9,1026.3,0.2,0.84,6,1
22.3,2.7,140,72,19.4,17,1005.3,1012.3,0,0.34,10,1
0.5,2.5,270,84,5.4,-1.8,1018.8,1022.3,,,10,4
27.9,1.3,90,59,22.1,19.1,1010.1,1011.7,1,2.52,6,3
17.3,2.1,340,31,6.1,0,999.2,1017.1,0.3,1.54,7,3
-1.2,4.4,320,80,4.5,-4.2,996.2,1024.1,0,0.02,8,4
26.6,2.7,250,90,31.3,24.8,1011.9,1014.2,,,2,0
2.9,0.1,0,81,6.1,0,1018.2,1023.7,,,8,3
26.5,0.6,270,72,24.9,21,1006,1012.7,,,7,3
-3.8,8.2,340,56,2.6,-11.3,1018.1,1022.7,0.1,0.81,10,4
20.1,0.9,140,90,21.2,18.4,1010,1014.2,,,6,2
0.5,1.5,290,95,6,-0.2,1006.4,1022.7,,,0,0
18.7,0.2,0,99,21.3,18.5,1009.6,1020.1,,,0,0
35.5,2.6,110,52,30,24.1,1006.3,1010.2,1,2.95,2,0
22.1,2.4,90,66,17.5,15.4,1012.5,1018.1,1,,0,0
13.2,1.3,110,74,11.2,8.6,1007.7,1018,0,0.51,7,2
23.1,0,0,94,26.4,22,1017.6,1017.9,,,6,2
24.3,1,160,92,27.9,22.9,1006.7,1009.9,0,0,3,2
9,4.9,290,70,8,3.8,1016.9,1021.3,1,3.13,0,2
23.5,0.3,0,100,28.8,23.4,1007.1,1010.6,,,0,0
22.2,1.2,160,98,26.1,21.8,994.5,1003.1,,,6,1
7.5,0.2,0,96,9.9,6.8,1016.4,1022.2,,,6,3
-2.5,6.8,360,42,2.1,-13.6,1021,1025.3,0.9,1.91,5,0
16.6,1.6,180,78,14.7,12.7,961.8,1008.6,,,0,0
11.8,2.3,110,55,7.6,3,1001.3,1009.6,0,0.26,10,1
-5,0.7,70,75,3.2,-8.7,997.6,1029.3,0,,9,3
-1.5,4.4,290,19,1,-22.1,1007.7,1017.3,1,1.8,1,0
16.6,5.4,200,82,15.5,13.5,1000.2,1005.4,0,0.2,10,1
17.5,1.2,50,83,16.5,14.5,990.8,1019.3,,,9,3
-2.1,3,290,52,2.7,-10.6,985.8,1013.5,,,7,4
5.5,0.4,0,68,6.1,0,1023.4,1030.2,,,0,0
30.6,2,270,58,25.3,21.3,992.1,1001.6,0,1.16,10,1
13.4,2.6,110,77,11.8,9.4,1000.6,1006.4,1,,0,0
19.6,0.6,290,84,19.1,16.8,999.5,1008.9,,,0,2
31.8,1.6,360,60,28.1,23,1000,1001.9,0,0.36,8,3
19.1,2.6,230,96,21.2,18.4,976.3,1001.6,0,0.08,10,2
24.7,1.9,140,97,30,24.1,1001.7,1009.4,0,0.38,10,1
17,1.5,340,86,16.6,14.6,1009.9,1012,,,6,3
7.2,0.2,0,92,9.3,5.9,1022.7,1027.7,0.5,0.2,2,2
18.4,0.9,270,93,19.6,17.2,998.1,1008.5,,,0,0
28.8,4.2,160,90,35.4,26.9,1007.1,1015.6,0.6,1.54,8,2
15.6,0.7,200,85,15,13,1010.3,1013.5,,,8,3
18.5,0.6,140,84,17.8,15.7,1004.2,1015.4,0,0.67,10,2
8.4,0,0,91,10,7,1001.8,1018.9,,,2,0
17.4,8.1,180,67,13.3,11.2,1006,1014.9,1,1.7,1,0
23.4,0.2,0,82,23.5,20.1,1003,1009.9,0.1,0.33,7,2
-10.9,0.3,0,84,2.3,-13,978.3,1031.2,,,0,0
-1.1,2.9,50,75,4.2,-4.9,990.3,1018.1,0,0,9,4
2.5,2,20,91,6.6,1.1,1011.6,1022.4,,,10,1
6.3,1,110,66,6.3,0.4,999.6,1013.7,,,0,0
1.1,2.4,290,61,4.1,-5.5,1019.4,1025.6,,,0,0
18.1,1.2,230,63,13,10.9,1011,1021.6,0.4,1.62,8,3
26.3,2.5,200,86,29.3,23.7,980.4,1008.1,0.6,,9,3
22.7,2.6,200,83,22.8,19.6,1004.7,1011.7,0,0.23,10,1
13.6,1.4,50,85,13.2,11.1,1014.6,1015.8,,,0,0
4.5,5.4,250,56,4.7,-3.5,1005.9,1012.6,0.1,0.94,8,4
-0.6,3.3,180,63,3.7,-6.7,1010.8,1019.6,0.7,1.34,9,4
-6.3,0,0,83,3.2,-8.7,999.5,1020.8,,,0,0
23.1,0.1,0,95,26.8,22.2,1001,1001.3,,,9,2
6,0.6,320,81,7.5,2.9,997.2,1018.4,0,,0,0
9.9,0.2,0,92,11.2,8.6,1015.3,1015.7,,,0,2
8.1,1.2,20,61,6.6,1,1019.1,1022.2,0.5,1,7,3
24.9,0,0,95,29.8,24,1009.1,1012.1,,,8,3
29.7,1.7,70,75,31.1,24.7,997.4,999.7,0,0.03,10,1
22.1,3.1,90,84,22.2,19.2,997.6,1007.4,,,10,1
24.6,1.2,230,88,27.1,22.4,1000.7,1005.2,0.3,0.3,5,2
3.2,0,0,90,6.9,1.7,1002.2,1019.8,,,10,1
25,8.7,230,19,6,-0.2,998.6,1001,1,0.64,0,2
17.8,0.8,360,93,18.9,16.6,988,1011.5,,,9,3
21.4,0.8,250,79,20,17.5,1004.3,1008.9,1,1.14,0,2
21.9,0.2,0,70,18.3,16.1,1008.7,1014.2,0,,0,0
-0.9,0.3,0,81,4.6,-3.7,1025.8,1027.9,,,10,3
3,1.5,340,83,6.2,0.3,1004,1020.6,,,9,3
7.1,3.7,320,74,7.4,2.7,1015.1,1021.6,,,8,3
-3.2,2.9,20,79,3.8,-6.3,1014.5,1023.4,0.4,0.23,0,2
4.8,1.4,230,54,4.6,-3.7,1017.9,1023,,,8,3
29.3,1.4,90,76,30.9,24.6,999.3,1004.7,0.3,,10,3
23.1,3,230,25,7,1.9,1006.7,1010.6,1,3.04,0,0
0.6,1.4,320,95,6.1,-0.1,1014.3,1022.9,,,9,2
14.4,2.7,250,90,14.7,12.7,993.9,1004,0,0.11,10,2
-8.8,2.8,270,44,1.4,-18.8,1021,1032.3,,,0,0
19.7,2.2,200,36,8.2,4.1,1007.7,1008.7,0.5,,7,3
8.9,5.1,20,73,8.3,4.3,1022.9,1023.3,0,0.52,10,1
12.7,3.2,230,71,10.4,7.5,1011,1017.2,,,0,2
34.1,2.5,180,39,20.8,18.1,995.3,1000.5,1,,5,0
25.1,3.1,160,96,30.6,24.4,1005.5,1010,,,10,1
7.5,2,20,87,9,5.4,1015.7,1020,0,0.27,10,1
9.5,3.8,270,37,4.4,-4.4,1015.4,1015.8,1,1.51,2,2
-1.7,0.9,90,57,3.1,-9.1,1010.3,1029.5,,,0,0
8.3,0.7,140,94,10.2,7.3,997.7,1014.9,0,0.13,10,2
23.7,0.5,110,88,25.6,21.5,1000.8,1004,0.8,0.37,6,2
-3.8,0.5,180,77,3.6,-7.2,994.8,1026.3,,,9,3
32.8,2.2,250,43,21.3,18.5,995.8,1004.8,1,,0,0
1.2,2.8,270,18,1.2,-20.5,1019,1025.2,1,,0,0
26.7,1.1,50,55,19.2,16.9,1004.1,1011,1,0.45,2,0
-4.5,8,340,57,2.5,-11.7,1023.9,1028.6,0.3,0.7,10,4
6.8,0.4,0,67,6.6,1,1000.7,1017.6,1,,0,0
-6.5,5.1,340,62,2.3,-12.5,1023.8,1028.5,,,9,4
17.4,0.8,50,92,18.2,16,996.8,1006.3,0,0.31,9,2
4,3.5,70,44,3.6,-7.1,1027,1029.6,,,7,3
24.3,12,160,93,28.1,23,992.8,1001.3,0,0.75,10,2
13.6,2.2,320,33,5.2,-2.3,1005.7,1021.7,1,,5,0
1.9,1.5,200,52,3.6,-6.9,1024.5,1024.9,,,6,3
17,1.2,200,97,18.8,16.5,998.7,1006.9,0,0.14,10,2
26.7,1.7,160,75,26.1,21.8,1002.9,1003.8,0,0.51,10,3
30.1,1.9,110,72,30.6,24.4,976.3,999.2,0.9,1.67,3,0
16.2,0.1,0,96,17.6,15.5,1007,1018.4,,,10,2
10.4,0.4,0,95,11.9,9.6,1019.1,1024.6,,,2,0
10,4.5,250,48,5.9,-0.5,1002.3,1008.9,0.7,1.03,7,1
4.4,1,160,93,7.7,3.3,973.7,1011.6,,,9,3
11,0.9,270,97,12.7,10.5,1010.9,1015.3,,,10,2
6,5,90,86,8,3.8,1021.6,1021.8,,,10,3
24.7,1.5,270,91,28.3,23.1,1001.9,1009.4,,,0,2
1.1,0.9,230,88,5.8,-0.6,1013.9,1018.9,,,0,2
10.2,0.6,110,87,10.8,8.1,1017.3,1018.5,,,0,0
26.8,1.2,270,94,33,25.7,1014.1,1014.3,,,0,0
19.4,6.4,160,98,22,19,1003.4,1012.2,,,10,2
3.8,0.9,20,66,5.3,-1.9,1005.2,1023.9,1,0.94,4,0
18.5,1.3,270,88,18.6,16.4,1005.2,1015.3,,,9,2
25.1,2.4,20,82,26.1,21.8,1009,1011.4,0,0.37,9,1
28.8,1.3,250,83,32.8,25.6,986.1,1001.8,0,0.7,10,1
6.2,0,0,58,5.5,-1.4,1010.2,1019.6,,,0,0
10.2,0.1,0,98,12.1,9.8,998.5,1019.2,,,0,0
15.5,3,160,70,12.3,10,1003.6,1010.6,,,0,0
3.4,5.3,230,89,6.9,1.7,975.4,1007.6,,,10,3
20.2,3.5,250,80,18.9,16.6,1006,1014.1,,,0,2
34.7,1.3,160,44,24.3,20.6,993.4,1002.3,1,2.51,0,0
15.7,0.6,110,82,14.6,12.6,1004.3,1011.5,,,0,2
25.6,1.4,230,97,31.7,25,999.7,1009.7,0,0.53,9,3
8.5,2.9,110,37,4.1,-5.3,1007.3,1016.5,1,0.8,0,0
25.2,7.7,140,97,30.9,24.6,1003.9,1012.5,,,9,2
19,0.8,340,94,20.6,18,1006.8,1013.2,,,10,2
-0.8,1.3,360,65,3.8,-6.5,1019.6,1020.9,0,0.19,9,3
2.3,0.2,0,88,6.3,0.5,996.7,1021.9,,,0,0
-5.3,0.4,0,92,3.8,-6.4,1010.9,1023.3,,,0,2
2,3.7,290,41,2.9,-9.9,1012.1,1019.5,0.4,1.13,8,4
0.1,3.7,50,26,1.6,-17.1,1017.2,1021.6,1,1.6,0,0
12.8,3.4,250,9,1.3,-19.3,1020.1,1020.6,1,1.58,6,3
26.1,0,0,95,32.1,25.2,996,1006.8,0,0.05,10,2
24.7,1.7,360,54,16.7,14.7,987.2,1004.4,0.5,0.36,0,0
6.3,5.6,160,84,8,3.7,1002.8,1011.3,0,0.12,10,1
15.2,3.4,230,39,6.7,1.3,1003.4,1013.6,1,3.22,0,0
20.3,0.3,0,88,20.9,18.2,1012.4,1018.5,,,10,1
10.3,0.6,110,96,11.9,9.6,990.4,1009,0.6,0.25,0,0
20.8,1.5,200,68,16.6,14.6,1001.4,1010.8,1,0.93,7,3
23.4,0.5,320,93,26.6,22.1,995.1,1014.7,0,,6,3
33,2.3,50,56,28.1,23,999.6,1003,1,3.36,0,0
-1.6,1.4,340,60,3.3,-8.3,1025,1028.9,,,0,0
2.5,4.1,360,19,1.4,-18.8,1021,1022.8,1,2.06,7,3
21.7,1.7,70,64,16.5,14.5,1012.3,1014.7,0,0.48,10,1
-0.1,0.7,110,91,5.6,-1.3,1006.7,1021.2,,,9,3
24.4,0.1,0,85,26,21.7,972.8,1007.8,0.1,,0,0
-0.5,0.6,140,96,5.7,-1,1023.3,1030.3,0,0,0,2
19.3,0.8,180,55,12.3,10,993.9,1010.2,0,,6,3
24.7,0.8,140,45,13.9,11.9,1007.3,1017.6,1,3.18,0,0
16.3,1.7,340,45,8.3,4.3,1014,1017.6,1,2,0,0
3.6,0.8,200,52,4.1,-5.3,1004.9,1015.5,,,9,4
11.7,3.5,320,25,3.4,-7.7,1014.9,1021.2,1,2.31,0,0
6.9,3.3,250,33,3.3,-8.2,1010.1,1027.4,,,5,0
12.6,0.5,340,83,12,9.7,1003.5,1007,0,0.61,10,3
7.3,0.2,0,53,5.4,-1.6,1007.2,1021.4,,,0,0
20.4,2.4,160,83,19.9,17.4,1008.8,1017,,,10,1
23.8,2.2,200,85,25,21.1,1007.3,1015.5,,,9,3
32.6,2.6,250,52,25.5,21.4,995,1010.6,1,3.45,4,0
18.3,3.2,90,67,14,12,1023.7,1024.2,0.4,0.41,10,1
19,3.1,200,87,19,16.7,993.3,1002.7,,,0,2
7.9,0,0,96,10.2,7.2,999,1010.6,0,0.03,10,2
7.4,1.5,270,38,3.9,-6,1020.3,1027.6,0.2,1.25,8,4
6.2,0.2,0,68,6.4,0.7,1013.7,1020.4,,,0,2
14.6,3.3,270,88,14.6,12.6,1009.1,1011.6,,,2,2
21.6,4.6,360,94,24.1,20.5,1011.9,1017.1,0,0.2,9,3
2.6,1.7,250,72,5.3,-1.9,1016.6,1025.3,,,9,2
5.4,3.7,290,92,8.2,4.1,1011.1,1021.2,,,9,1
-0.1,0,0,90,5.5,-1.5,1020.7,1024.4,,,0,0
11.9,7.5,160,97,13.5,11.4,1002.9,1011.9,,,10,2
28,3.3,200,94,35.4,26.9,998.6,1003.6,,,7,2
2.1,1.4,180,51,3.6,-7,1005.2,1016.4,,,6,3
5.2,2.6,230,77,6.8,1.4,1013,1021.6,0.7,1.74,6,2
31,1.4,200,58,26,21.7,970.7,1006.2,0.8,,4,0
3.4,2.9,270,23,1.8,-15.8,1008.6,1020.7,0.7,0.4,0,0
1,0.4,0,91,6,-0.3,1016.6,1025.3,,,0,0
6.8,1.9,320,53,5.2,-2.1,1009.8,1025.8,0,0.16,5,0
22,0.4,0,94,24.7,20.9,999.5,1004.8,,,3,0
0.6,2.8,270,77,4.9,-2.9,1005.3,1012.7,0,0.36,10,4
27.7,0.6,250,76,28.1,23,1006.5,1013.2,,,10,3
11.6,4.7,250,98,13.3,11.2,992.3,1000.5,0,0.72,9,2
22.2,0.9,250,91,24.3,20.6,1004.8,1008,0,0.36,10,2
1.4,0.1,0,89,6,-0.2,1010.7,1019.2,,,9,2
5.9,9.4,50,91,8.4,4.5,979.6,1006.3,,,10,1
27.4,3.3,230,76,27.6,22.7,1006.6,1007,0,0.75,10,1
22.6,1.4,180,95,26,21.7,994.4,998.4,,,10,1
5.1,3.4,90,81,7.1,2.1,1011.3,1019.7,,,10,1
6,2.3,20,75,7,1.8,1012.2,1020.9,,,0,2
23.5,1.4,160,17,4.9,-2.9,1008.3,1009.3,1,,0,0
28.5,1,270,88,34.2,26.3,990.8,999.2,0,0.1,10,1
8.1,1.2,270,58,6.2,0.3,1013.5,1020.7,,,9,3
22.5,6.4,180,97,26.3,21.9,999.4,1003.5,0,0.73,8,2
23.6,2.2,50,93,26.9,22.3,1000.5,1010.3,,,10,1
17.3,2.5,70,90,17.7,15.6,1007.4,1012.7,0.9,0.95,5,2
12.7,5.9,160,90,13.1,11,1008.2,1012.5,,,0,2
24.1,1,290,97,28.9,23.5,1010,1014.6,,,6,2
24.1,2.9,270,60,17.9,15.8,986,994.5,0.5,1.57,7,1
23.7,1.4,250,95,27.7,22.8,992.6,1011.4,,,0,0
1.3,5.9,320,78,5.2,-2.1,1006.2,1014.8,0,0.91,8,4
30.6,1.2,70,76,33.2,25.8,1001.3,1007.1,0.3,1.42,7,1
-0.6,0.9,230,86,5,-2.6,1016.3,1025.3,,,9,2
6.8,2.1,140,91,9,5.4,1000.6,1009,,,4,2
16.6,4.5,270,36,6.8,1.4,1003.6,1012.5,,,0,0
29.5,1.3,160,71,29.1,23.6,1011,1011.9,,,5,0
5.2,0.4,0,100,8.8,5.1,1009.3,1018.6,,,10,1
5.5,3.5,290,72,6.5,0.8,1011.7,1016.6,,,9,1
-2.3,0.2,0,88,4.5,-4,1018,1021.8,,,0,0
26.4,2.6,270,85,29.1,23.6,999.1,1005.7,0,0.26,10,1
16.1,1,340,88,16.1,14.1,1010.4,1021.8,,,10,1
13.7,1,360,94,14.7,12.7,1007.2,1018.7,,,2,2
27.7,0.1,0,79,29.3,23.7,1010.5,1013.8,,,8,3
8.9,0.5,70,75,8.5,4.7,1017.6,1018.8,,,0,0
22.7,3,110,61,16.7,14.7,1005.6,1022,0.7,2.21,5,0
3.7,4.6,20,82,6.5,0.9,987.4,1014.6,0.1,0.05,8,1
17.8,3.9,70,87,17.7,15.6,1005.4,1015.5,0,0.3,10,1
6.2,1.1,290,85,8,3.8,999,999.5,,,10,1
16.6,6.1,70,89,16.7,14.7,1025.8,1026.3,0,0.09,10,1
-8.4,9.1,340,62,2,-14.3,1024.6,1029.4,,,8,4
14.3,4.1,90,74,12,9.7,1002,1010.2,0,0.32,10,1
3.3,4,270,94,7.3,2.4,993.8,1000.5,,,10,1
25.9,1.5,160,91,30.4,24.3,998.5,1007,0.4,1.72,10,1
22.3,1.7,360,94,25.2,21.2,1008.7,1016.9,,,10,1
8.9,1.6,20,87,9.9,6.8,1001.9,1007.3,,,0,2
26.5,4.9,200,80,27.6,22.7,990.3,997.9,0.1,0.23,10,1
10.6,0.6,160,65,8.2,4.2,1023.7,1024.1,1,1.2,4,2
-3,0.4,0,85,4.2,-5.2,993.5,1021.5,0,0.2,9,4
-0.9,12.8,340,63,3.6,-7,1019.6,1029.2,,,10,4
1.9,2.1,140,90,6.3,0.4,1012.2,1019.8,,,0,2
8.8,0.1,0,91,10.3,7.4,1018.2,1023.1,,,7,2
30.8,2.1,110,58,25.6,21.5,1006.5,1009.6,1,3.14,6,3
-6.9,0.3,0,75,2.8,-10.5,1003.6,1026,0.4,,0,0
14.4,1.4,200,28,4.6,-3.9,995.3,1013.1,,,6,3
17.3,4.8,250,44,8.7,4.9,1002.1,1002.6,,,0,2
23.6,0.6,320,80,23.2,19.9,1005.5,1011.5,,,3,0
6.7,1.6,90,19,1.9,-15.3,1013.6,1022.9,1,2.13,0,0
35.2,2.6,140,46,26.1,21.8,996.5,1002.9,0.9,0.64,0,0
10.4,5.9,160,68,8.5,4.7,1001.9,1006.2,1,1.67,8,2
11.7,5.2,180,80,10.9,8.3,1010.1,1015.5,0,0.33,10,3
23.2,2.7,50,74,21,18.3,1010.1,1013.3,0,0.41,10,1
9.4,3.7,230,64,7.5,2.9,1005.5,1015.9,0.2,1.07,9,2
11.1,2.4,360,62,8.1,4,1025.1,1027.6,0.7,,8,3
28.4,1.3,250,74,28.6,23.3,1006.9,1014.8,,,0,0
24,6.3,250,93,27.6,22.7,1004.9,1013.1,0,0.14,7,3
7.6,0,0,98,10.2,7.2,1020.5,1021.7,,,0,0
-10.9,1.4,290,57,1.5,-17.7,1000.5,1032.2,,,10,3
4.6,0.8,160,96,8.1,4,1011.7,1029.3,,,6,2
7.9,0.4,0,46,4.9,-3,1017.7,1018.1,,,6,3
7.4,1.8,160,78,8,3.8,1011,1015.9,,,0,2
21.4,2.4,90,80,20.2,17.7,1009.1,1016.8,,,10,1
-5.7,0.7,160,90,3.6,-7,1004.6,1031.6,0,0.01,0,0
9.1,1.2,290,51,5.9,-0.5,1020.8,1028,0.4,1.46,8,2
24.7,1.1,90,75,23.2,19.9,998.2,1003.6,0,,2,0
27.5,1.3,290,83,30.4,24.3,1005.3,1010.9,,,7,3
-9.3,0.8,180,40,1.2,-20.4,1009.5,1027.9,,,0,0
22,1.4,270,94,24.7,20.9,991.5,1000.1,,,10,1
27.4,0.4,0,83,30.2,24.2,992.7,1012,0,,6,3
15.4,5.1,270,54,9.4,6.1,1001.7,1003.8,0.2,1.42,8,3
16.7,8.4,180,99,18.8,16.5,999.4,1008.2,,,10,2
11.8,2.4,180,93,12.8,10.6,995.2,1005.4,,,5,2
1.2,1.5,110,90,6,-0.2,1017.4,1025.1,,,10,1
23.9,2.1,360,34,10,7,965.1,1010.7,1,,7,3
6.3,0.3,0,90,8.5,4.7,1009.8,1016.5,0,0.3,10,2
7.2,7.9,340,45,4.6,-3.9,1012.9,1022.2,0.9,2.22,6,3
16.7,4.9,140,32,6.1,0,1006.5,1011.3,1,2.43,0,0
-5.6,2.7,290,24,1,-23,1025.2,1027.5,,,0,0
24.8,0.3,0,86,26.8,22.2,1005.4,1012.1,0,0.09,6,3
-0.3,1.9,270,64,3.8,-6.2,1013.2,1025.5,,,9,3
10.1,3.3,20,52,6.4,0.6,1018.1,1022.2,0.8,0.42,0,0
5.5,5.5,290,57,5.2,-2.3,999.9,1021.2,,,8,3
7.4,6.6,270,72,7.4,2.6,1006.6,1015.1,0.2,1.18,8,2
21,2.7,70,89,22.1,19.1,984.6,1009.9,,,8,1
5.1,5.2,270,28,2.5,-11.9,1012.5,1017.5,,,10,3
4.5,0.8,70,84,7.1,2,1014.7,1018.2,,,9,2
23.1,0.7,90,100,28.1,23,1000.8,1011.8,,,0,0
-3.9,6.2,20,78,3.6,-7.1,1022.6,1028.4,0,0.19,9,4
-2.7,5,290,43,2.2,-13.5,1018.7,1024.4,1,,2,0
2.7,2.4,290,56,4.2,-5.2,1004.3,1021.9,,,0,2
25.1,0,0,92,29.3,23.7,997.1,1014.2,0,0.01,6,3
10.2,5.8,160,94,11.6,9.2,1009,1013.4,0.1,0.71,4,2
18.7,0.4,0,79,16.9,14.9,1012.1,1016.3,,,7,3
0.5,6.1,70,100,6.3,0.4,981.2,1008.5,0,0.13,10,4
7.3,5.1,50,36,3.7,-6.8,1021,1025.3,1,2.02,0,0
26.5,0.9,90,85,29.3,23.7,1002.7,1009.6,,,0,0
25.8,0,0,91,30.2,24.2,1013.6,1014.6,,,7,3
20.1,0.3,0,82,19.2,16.9,1000.2,1008.4,0,1.4,9,2
21.9,0.6,270,99,26,21.7,995.2,1003.8,,,8,2
18.9,1.2,140,85,18.5,16.3,1006.3,1012.3,,,0,0
-3.7,3.1,290,21,1,-22.9,1014.8,1021.1,0.2,,0,0
14,0,0,98,15.6,13.6,1012.3,1023.1,,,8,3
23.4,2.2,70,63,18.1,15.9,1012.2,1020.9,1,2.91,6,3
23.3,1.3,160,93,26.4,22,1007.3,1013.3,0,0.07,6,3
21.5,0.5,290,92,23.5,20.1,930.9,1016.7,,,9,3
10.7,5.8,180,81,10.4,7.5,1000.7,1009.7,,,10,2
24.5,2,250,67,20.5,17.9,996,996.7,0.3,0.72,0,0
25.4,5.1,270,32,10.3,7.4,1004.9,1006.3,1,,0,0
24.1,1,110,70,20.9,18.2,991.1,1010.8,0,,10,3
-4.8,1.2,160,24,1,-22.3,935.6,1023.8,1,1.92,0,0
19.3,2.9,90,61,13.6,11.5,1007.3,1008.4,0,,10,3
8.3,5,270,44,4.8,-3.2,998,1006,,,3,0
13.5,3.6,140,88,13.6,11.5,1003.3,1003.8,,,10,1
1.3,0.5,20,98,6.6,1,1010.4,1022.5,0,0,10,2
-4.3,1.8,20,60,2.7,-10.9,1020.1,1029.2,0.6,0.37,4,0
7.9,3.4,250,32,3.4,-7.8,1018.2,1022.1,1,1.43,0,0
28.5,1.1,270,68,26.4,22,1004.8,1011.4,,,2,0
9.1,1.3,230,61,7,1.9,1012.5,1017.4,0,0.64,9,2
-4.4,0.1,0,89,3.9,-5.9,999,1021.1,,,0,0
11.5,0.2,0,45,6.1,0,996.2,1013.1,1,1.25,0,0
30.1,3,200,52,22.1,19.1,989.5,999,0,0.14,10,1
4.8,0,0,81,7,1.8,1019,1026.4,,,9,3
17.2,0.2,0,92,17.9,15.8,992.5,1008.6,,,9,3
23.7,3,140,86,25.2,21.2,1002.8,1007.4,0,0.43,10,1
3,0,0,91,6.9,1.6,983.8,1013.9,,,0,0
23.2,0.7,160,61,17.3,15.2,995.5,1006.5,,,6,3
5.5,0.6,160,82,7.4,2.6,1016.9,1026.3,,,10,1
-5.2,3.8,320,65,2.7,-10.7,1027.7,1027.9,,,2,0
17.3,1.6,320,95,18.6,16.4,995.9,1005.4,,,0,2
18.2,1.2,320,97,20.2,17.7,1008.8,1013.5,,,0,2
-0.6,0.5,320,97,5.7,-1,1015.9,1022.5,,,0,0
2.6,1.4,340,60,4.4,-4.3,1008.1,1018.2,0,0.04,8,2
-1.6,3.5,290,30,1.6,-16.9,1018.9,1029.8,1,,1,0
32.2,4.6,180,62,29.7,23.9,997.4,1005,0.7,2.47,7,3
4,0.7,250,76,6.2,0.1,1010.5,1017.8,0,0,7,3
27.2,2.5,200,72,26,21.7,1007.1,1008.7,,,0,0
-1.9,2,160,53,2.8,-10.2,1025.2,1026,,,0,0
3.2,1,360,97,7.4,2.7,1003.7,1029,0,,4,0
22.6,1,90,77,21,18.3,1003.8,1013.6,0,,10,3
8.7,1.1,270,48,5.4,-1.7,1017,1025.1,0.3,0.03,0,0
1.2,1.8,20,62,4.2,-5.2,1022.8,1030.3,0,1.08,8,3
-5.4,2.6,290,38,1.6,-17.5,1015.2,1025,,,10,3
3.4,1,50,33,2.6,-11.3,1024,1025.5,0,,10,3
3.3,1.5,270,45,3.5,-7.5,1008.2,1020.3,,,3,0
19.6,1.9,320,91,20.6,18,1014.6,1018.8,,,1,2
9.1,3.8,230,49,5.7,-1,1000.3,1018.5,0.5,0.23,5,0
13.3,0.8,70,93,14.1,12.1,1001.8,1018.7,0,0.01,10,2
12.7,2.8,160,52,7.6,3,1019.6,1020.8,1,,0,0
18.8,0.4,0,84,18.2,16,1009.8,1016.7,,,8,2
22.5,0.7,290,92,25,21.1,1012.3,1013.7,0,,7,3
8.8,2.4,320,91,10.3,7.4,1001.5,1009.7,0,0,9,1
23.4,1.1,110,97,27.7,22.8,1008.7,1012.9,,,10,2
22.1,1,270,97,25.6,21.5,995.9,1003.7,,,10,1
16.9,4.5,200,32,6.1,0,1010.7,1012.6,1,,0,0
-0.8,10.9,230,76,4.4,-4.5,1018.1,1023.8,,,8,4
9.7,5.4,250,52,6.2,0.3,1009.9,1018.3,0,0.91,10,3
25.1,3.1,160,94,29.8,24,1003.8,1008.9,,,3,2
18.9,1.3,110,27,5.9,-0.5,993.1,1013.2,1,,0,0
2.5,0.1,0,88,6.4,0.7,981.3,1021.3,0.2,,9,3
9.5,3.2,180,47,5.6,-1.2,1014.6,1021.8,1,1.89,0,0
11.1,1,340,61,8,3.8,1016,1022.3,,,0,0
4.6,0,0,92,7.8,3.4,1013,1025,,,9,2
3.3,4,180,52,4,-5.6,1007.8,1016.3,,,6,3
23.4,0.3,0,85,24.4,20.7,983.9,1003.4,,,0,0
3.4,7.7,340,50,3.9,-6,1010.2,1016.7,0.8,2.43,5,0
5.1,1.9,140,79,6.9,1.7,1014.3,1019.3,,,8,1
7.7,3.7,160,95,9.9,6.9,1010.7,1019.9,1,0.51,0,2
0.5,0.8,70,90,5.7,-0.9,1020,1020.4,,,0,2
12,0.5,320,97,13.6,11.5,987.1,1016.5,,,10,3
26.8,0.3,0,83,29.1,23.6,996.8,1013.8,,,0,0
5.9,8.6,270,70,6.5,0.8,977.2,1003.9,,,8,1
3.4,1.5,20,59,4.6,-3.8,977.3,1027.3,0.2,,8,3
28.3,1.8,270,78,29.8,24,997.8,1002.9,0.1,,8,3
22.4,0.7,290,85,22.9,19.7,986.3,994.2,0,0,8,1
3.7,1.3,50,82,6.5,0.9,1020.3,1031.1,1,0.83,0,2
27,3,140,23,8.1,4,994.9,1002.8,1,2.23,0,2
0.5,5.9,320,89,5.6,-1.1,1005.6,1014.3,0,0.5,9,4
16.2,0,0,94,17.3,15.2,998.6,1018.1,,,10,3
-0.4,8.9,290,38,2.3,-13,988.3,1014.7,1,,0,0
-8.5,1,140,53,1.7,-16.3,1015.5,1024.6,,,0,0
-2.7,5.4,70,65,3.3,-8.3,993.2,1021.2,0.7,1.55,7,4
28.3,0.9,50,81,31.1,24.7,998.3,1007.9,,,7,3
8.7,3.4,250,14,1.6,-17.3,1019.2,1019.6,1,2,0,0
26.8,2.3,160,72,25.3,21.3,992.1,999.8,0,0.24,9,1
18.9,5.8,70,82,17.8,15.7,993.2,1019,,,10,1
0,3.2,250,75,4.6,-3.9,990.1,1017.7,,,8,4
3.8,7.1,290,91,7.3,2.4,1013.9,1019.5,,,10,1
4.1,2,20,79,6.4,0.7,1018,1027.4,0.1,0.08,0,0
13.7,2.7,250,51,8,3.7,999.6,1009.8,,,10,1
17.5,2.7,50,66,13.1,11,1013.6,1019.8,0,0.45,10,3
-7.5,2.6,250,25,0.9,-24.1,1011.8,1021.6,,,0,0
26,1.2,200,63,21.2,18.4,1007,1012.9,0.3,1.3,9,1
20.1,1.6,200,77,18.1,15.9,1000.2,1013.6,,,10,3
11.1,2.8,320,46,6.1,-0.1,993.1,1008.6,0.5,0.24,0,0
21,4,160,68,16.8,14.8,988.7,1006.1,0.8,0.68,3,0
7.4,1.7,340,52,5.4,-1.8,1017.8,1026.5,0.9,1.9,1,0
28.7,0.3,0,82,32.2,25.3,1006.7,1015.2,1,1.26,1,0
33.8,2.1,270,50,26.3,21.9,1006.8,1010.5,1,1.66,0,0
29.7,3.3,200,79,32.8,25.6,1009.4,1012.5,0.3,2.01,8,1
11.7,1.8,200,37,5.1,-2.5,976.8,1013.8,1,,0,0
25.2,1,140,72,22.9,19.7,1012.3,1016.2,0,0.48,8,3
10.1,3.4,230,37,4.6,-3.9,1020,1023.3,,,1,0
3.5,1.1,90,50,3.9,-5.9,1009,1021,,,0,0
1,1.3,340,81,5.3,-1.9,1020.6,1029.2,,,0,2
24.4,0.7,200,85,26,21.7,988.3,1013.4,0,0.42,10,1
19.5,2.8,230,44,9.9,6.9,993.9,1011.9,1,1.47,9,3
30.3,3,140,74,31.9,25.1,1010.2,1014.1,0.6,2.09,7,1
14.1,3.6,160,60,9.6,6.4,1008.6,1015.1,0,1.34,9,3
7.9,3.4,230,73,7.7,3.3,1014.6,1018,0.9,0.78,2,1
3.2,2,160,79,6.1,0,1014.8,1024.2,,,2,2
5.1,1.7,20,78,6.8,1.5,1021,1029.7,,,0,2
-3.9,2.7,360,54,2.5,-11.8,1024.8,1029.5,,,5,0
1.9,3.2,270,66,4.6,-3.7,1011.2,1020,0.4,1.16,7,4
25,1.1,320,79,24.9,21,1006.7,1009.8,,,3,0
,,,,,,,,,,8,3
23.4,2.6,320,55,15.8,13.8,980.3,999.8,1,,5,0
24.6,0.8,360,99,30.6,24.4,1009,1014.1,,,0,2
23.2,2,90,51,14.4,12.4,1014.6,1018.2,0.1,0.31,9,3
8.5,0.4,0,95,10.5,7.7,999.6,1018.5,,,1,0
22.4,2.9,50,88,23.8,20.3,1005.4,1012.2,0,0.02,10,1
12.6,5.3,320,71,10.3,7.4,996.3,1005.2,,,0,2
30.3,4.6,180,71,30.6,24.4,1004.2,1012,1,3.49,2,0
2.4,1,340,66,4.8,-3.3,1005.5,1022.2,0,,9,3
25.4,0.8,230,84,27.1,22.4,1004.6,1010.1,,,1,0
26.9,6.7,250,13,4.6,-3.8,993.5,993.9,1,1.82,0,2
2.1,0.8,200,94,6.7,1.2,988.4,1013.3,0,,10,3
-2,0.3,0,50,2.6,-11,1009.3,1021.6,,,7,3
12.5,0.7,270,94,13.6,11.5,986.1,1011.2,,,0,0
6.2,4.8,340,50,4.8,-3.4,1019.3,1028.7,1,1.61,4,0
14.3,0.5,180,69,11.2,8.6,1008.4,1014.6,0,0.31,10,1
25.6,1.8,230,85,27.7,22.8,1005.1,1014.4,,,5,0
15.5,0.6,320,96,16.8,14.8,982.6,1020.7,,,7,3
27.6,2,230,69,25.3,21.3,1010.1,1012,1,,1,0
13.3,0.1,0,96,14.6,12.6,1001.3,1018.1,,,9,3
3.1,2.3,320,58,4.4,-4.3,992.2,1020.5,0,0.2,6,3
-0.1,0.2,0,89,5.4,-1.7,1021.4,1023.2,0.6,0.34,0,0
13.3,0.4,0,93,14.1,12.1,1011.7,1017.2,0,,10,3
8.3,3.7,230,65,7.1,2,1014.2,1018.6,,,10,1
7.9,3.3,200,58,6.2,0.1,993.8,997.1,0.4,1.89,10,1
-7.4,4,250,37,1.3,-19.6,1021.4,1021.9,0.1,0.02,0,0
27,3.3,200,82,29.1,23.6,1004.2,1012.1,0,1.42,10,3
21.1,2.9,70,71,17.7,15.6,1010.2,1018.3,0,0.05,10,1
2.3,2.2,230,76,5.5,-1.5,1007.4,1018.1,,,0,2
4.4,0,0,100,8.3,4.3,963.5,1012.6,0,,0,0
25.8,1.9,140,88,29.1,23.6,1003.8,1010.7,0,0.14,10,1
-2,0,0,100,5.3,-2,1012.5,1023.3,,,0,0
22.8,0.9,20,95,26.3,21.9,993.6,1009.8,0,0.49,10,1
17.5,1.7,230,35,7,1.8,993,1002.5,,,0,0
18.7,2,90,67,14.4,12.4,1002,1010.1,0,0.03,0,2
8.8,0.2,0,80,9,5.5,1015.5,1021.3,,,9,3
31,1.2,290,63,28.3,23.1,992.7,1011.7,0.6,,7,3
24.4,1.8,200,81,24.7,20.9,986.6,1011.7,0,0.39,10,1
27.1,0.4,0,84,30,24.1,1005.5,1010.6,0,,10,3
